school,A_participation,Y_achievement,M_eduexpect,M_goodgrades,X_BYSES1,X_BYSEX,X_BYRACE..data_Hispanic,X_BYRACE..data_Other,X_BYRACE..data_White,X_BYSTLNG2,X_BYGNSTAT,X_BYP49,X_BYFCOMP,X_BYP08,X_BYPARED,X_BYINCOME,X_BYP44C,X_BYHOMLIT,W_nj
42,1,30.7,0,0,-0.57,1,0,0,1,1,1,1,0,1,0,1,1,1,0.26666666666666666
42,1,61.87,1,1,0.2,0,0,0,1,1,1,0,1,0,1,1,0,1,0.26666666666666666
42,0,61.75,0,0,-0.63,0,0,0,1,1,1,0,0,1,0,0,1,0,0.26666666666666666
42,1,49.55,0,0,-0.26,1,0,0,1,1,1,0,1,1,1,0,0,0,0.26666666666666666
42,1,42.84,0,0,0.78,1,0,0,1,1,1,0,0,0,1,1,0,0,0.26666666666666666
42,0,68.69,0,0,-0.82,0,0,0,1,1,1,0,1,1,0,0,0,1,0.26666666666666666
42,1,38.49,1,0,-0.34,1,0,0,1,1,1,1,0,0,0,0,1,1,0.26666666666666666
42,1,47.91,0,1,-0.86,1,0,0,1,1,1,0,1,1,0,0,0,1,0.26666666666666666
42,1,56.24,0,1,-0.58,1,0,0,1,1,1,0,1,1,0,0,0,0,0.26666666666666666
42,0,49.31,0,0,-0.31,0,0,0,1,1,1,0,1,1,0,0,1,0,0.26666666666666666
42,0,55.09,0,0,-0.84,0,0,0,1,1,1,0,0,1,0,0,0,0,0.26666666666666666
42,0,39.44,0,0,-0.29,0,0,1,0,1,1,0,0,1,0,0,0,0,0.26666666666666666
42,1,65.56,1,1,0.24,1,0,0,1,1,1,0,1,1,0,1,0,1,0.26666666666666666
42,0,58.57,0,1,-0.06,1,0,0,1,1,1,0,1,1,0,0,0,0,0.26666666666666666
44,1,60.45,1,1,-0.76,1,0,0,1,1,1,0,1,1,0,0,0,0,0.6666666666666666
44,1,58.32,0,1,0.98,1,0,0,1,1,1,0,1,1,1,1,0,0,0.6666666666666666
44,1,57.06,1,1,0.02,1,0,0,1,1,1,0,1,1,1,1,0,0,0.6666666666666666
44,1,58.14,0,1,-0.53,0,0,0,1,1,1,0,1,0,0,0,0,0,0.6666666666666666
44,1,57.43,1,1,0.87,0,0,0,1,1,1,0,1,1,1,1,0,1,0.6666666666666666
44,0,41.83,0,0,-0.86,0,1,0,0,1,1,1,1,1,0,0,0,0,0.6666666666666666
44,1,50.52,0,0,0.66,1,0,0,1,1,1,0,0,0,1,1,1,1,0.6666666666666666
44,1,52.05,1,0,-0.06,1,0,0,1,1,1,0,1,1,0,1,0,1,0.6666666666666666
44,1,61.27,1,1,0.6,1,0,0,1,1,1,0,1,1,1,1,0,1,0.6666666666666666
44,1,45.25,0,0,0.02,0,0,0,1,1,1,1,0,1,0,1,0,1,0.6666666666666666
44,1,54.61,0,0,0,0,0,0,1,1,1,1,1,0,0,1,0,0,0.6666666666666666
44,1,66.3,0,1,0.99,0,0,0,1,1,1,0,1,0,1,1,0,1,0.6666666666666666
44,0,48.15,1,0,0.59,0,0,0,1,1,1,0,1,1,0,1,0,1,0.6666666666666666
44,0,47.05,0,0,0.16,0,0,0,1,1,1,0,1,1,1,1,0,1,0.6666666666666666
44,0,53.28,0,1,-0.19,0,0,0,1,1,1,0,1,1,0,0,0,1,0.6666666666666666
44,0,36.4,0,0,-0.47,0,0,0,1,1,1,0,0,1,0,0,0,0,0.6666666666666666
44,0,37.19,0,1,-0.25,0,0,0,1,0,0,0,1,1,0,0,0,1,0.6666666666666666
44,1,59.81,0,1,0.08,1,0,0,1,1,1,0,0,0,1,0,0,0,0.6666666666666666
44,1,57.7,0,0,1.63,0,0,0,1,1,1,0,1,0,1,1,0,1,0.6666666666666666
44,0,63.58,1,1,-0.44,0,0,1,0,1,1,0,1,1,0,0,0,1,0.6666666666666666
45,0,36.24,0,1,0.11,0,0,0,1,1,0,0,0,1,0,0,0,1,0.13333333333333333
45,0,47.27,1,1,0.18,0,0,0,1,1,1,0,0,1,1,1,0,1,0.13333333333333333
45,1,60.02,1,1,0.33,1,0,0,1,1,1,0,0,0,1,0,0,1,0.13333333333333333
45,0,47.27,0,0,0.31,0,0,0,1,1,1,0,1,0,1,1,0,0,0.13333333333333333
45,1,71.32,1,1,1.39,0,0,1,0,1,1,0,1,1,1,1,0,1,0.13333333333333333
45,1,50.29,1,1,0.46,1,0,1,0,1,0,0,1,1,0,0,0,1,0.13333333333333333
45,0,57.85,0,0,-0.59,1,0,0,1,1,1,0,0,0,0,0,0,0,0.13333333333333333
45,1,48.01,0,1,-0.78,1,0,0,1,1,1,0,1,1,0,0,1,0,0.13333333333333333
45,1,70.94,1,1,0.43,0,0,0,1,1,1,0,1,1,0,1,0,1,0.13333333333333333
45,0,41.81,0,0,1.2,0,0,0,1,1,1,0,0,1,1,1,0,0,0.13333333333333333
45,1,49.56,0,0,-0.16,1,0,0,1,1,1,0,1,1,0,1,0,0,0.13333333333333333
45,1,55.85,1,1,1.13,1,0,0,1,1,1,0,1,0,1,1,0,1,0.13333333333333333
47,1,41.58,0,1,-1.1,1,0,0,1,1,1,0,1,0,0,0,1,1,0.2
47,0,58.55,0,0,0.43,1,0,0,1,1,1,0,1,1,1,1,0,1,0.2
47,0,52.54,0,1,-0.6,1,0,0,1,1,1,0,0,1,0,0,1,1,0.2
47,0,44.11,0,1,-0.43,0,0,1,0,1,1,1,1,1,0,0,0,0,0.2
47,0,53.32,1,1,-0.76,0,0,1,0,1,0,0,1,1,0,0,1,0,0.2
47,1,51.72,1,1,-0.42,1,0,0,1,1,1,0,1,0,0,0,1,1,0.2
47,0,38.7,0,0,-0.13,0,0,0,1,1,1,0,0,0,0,0,0,1,0.2
47,1,48.39,0,1,-0.91,1,0,0,1,1,1,0,0,1,0,0,0,0,0.2
47,0,48.6,0,1,0.39,0,0,0,1,1,1,0,1,1,1,1,0,0,0.2
47,0,45.68,1,1,-0.01,0,0,0,1,1,1,1,1,1,1,0,0,0,0.2
47,1,61.61,1,1,0.56,1,0,0,1,1,1,0,1,0,1,1,0,1,0.2
47,1,39.63,0,1,-0.03,1,0,0,1,1,1,0,0,1,0,0,0,0,0.2
47,1,45.73,0,0,0.58,0,0,0,1,1,1,0,1,1,1,0,0,1,0.2
48,0,54.96,0,0,0.81,0,0,0,1,1,1,0,0,1,1,0,0,0,0.2
48,1,60.2,0,0,-0.03,1,0,1,0,1,1,0,1,0,0,1,1,1,0.2
48,1,62.05,0,1,0.86,1,0,0,1,1,1,0,0,1,1,1,0,0,0.2
48,0,63.7,1,1,0.94,0,0,0,1,1,1,0,0,0,1,1,0,0,0.2
48,1,72.09,1,1,1.29,0,0,0,1,1,1,0,1,1,1,1,0,1,0.2
48,0,65.08,0,0,-0.47,0,0,0,1,1,1,0,1,0,0,0,0,0,0.2
48,0,57.33,0,1,-0.02,0,1,0,0,1,0,0,0,0,0,1,0,1,0.2
48,1,61.31,1,0,0.31,0,0,0,1,1,1,0,1,1,0,1,0,1,0.2
48,1,54.46,1,1,0.65,1,0,0,1,1,1,0,0,1,1,1,0,0,0.2
48,0,36.68,0,0,-1.56,1,0,0,1,1,1,1,0,1,0,0,0,0,0.2
48,0,37.96,0,0,-0.4,0,0,0,1,1,1,1,0,1,0,1,0,0,0.2
48,0,65.92,1,0,0.53,0,0,0,1,1,1,0,0,0,0,1,0,1,0.2
48,0,34.16,0,0,-0.3,1,0,1,0,1,1,0,0,0,0,0,0,0,0.2
94,1,36.79,0,0,-0.24,1,0,0,1,1,1,0,1,1,0,0,0,1,0.5333333333333333
94,1,31.91,0,0,-0.24,0,0,0,1,1,1,1,0,1,0,0,0,0,0.5333333333333333
94,0,42.62,0,0,-0.73,0,0,0,1,1,1,0,0,0,0,1,0,0,0.5333333333333333
94,0,55.12,1,1,0.13,0,0,1,0,1,1,0,1,1,0,1,0,1,0.5333333333333333
94,1,53.45,1,1,-0.34,1,0,0,1,1,1,0,1,1,0,0,0,1,0.5333333333333333
94,1,59.64,1,0,-0.6,0,0,0,1,1,1,0,1,1,1,0,0,0,0.5333333333333333
94,0,34.58,0,0,0.17,0,0,0,1,1,1,1,1,0,1,1,0,0,0.5333333333333333
94,1,53.7,1,1,-0.33,1,0,0,1,1,1,0,1,1,0,1,0,1,0.5333333333333333
94,1,46.47,0,1,-0.09,1,0,0,1,1,1,0,1,1,0,1,0,1,0.5333333333333333
94,1,63.43,1,1,-0.45,1,0,0,1,1,1,0,1,0,0,1,0,1,0.5333333333333333
94,1,52.98,0,1,-0.49,1,0,0,1,1,1,0,1,0,0,0,0,1,0.5333333333333333
94,1,51.62,0,0,0.68,0,0,0,1,1,1,0,1,1,1,1,0,1,0.5333333333333333
94,1,44.63,1,1,0.49,1,0,0,1,1,1,0,1,1,0,1,0,1,0.5333333333333333
94,1,50.33,0,1,-0.54,1,0,1,0,0,0,0,0,0,0,0,0,1,0.5333333333333333
94,0,50.43,1,0,1.01,0,0,0,1,1,1,0,0,0,1,1,0,1,0.5333333333333333
94,1,50.3,1,0,0.1,0,0,0,1,1,1,0,1,1,0,0,1,0,0.5333333333333333
94,1,41.9,0,0,-0.61,1,1,0,0,1,1,0,0,1,0,0,1,0,0.5333333333333333
94,1,44.71,1,1,-1.28,1,0,0,1,1,1,0,1,1,0,0,1,0,0.5333333333333333
95,1,66.62,0,0,-0.47,0,0,0,1,1,1,0,1,0,0,0,0,0,0.2
95,0,35.66,0,1,0.67,1,0,0,1,0,0,1,0,0,1,1,0,1,0.2
95,1,48.38,1,1,-1.03,1,0,0,1,1,1,0,0,0,0,0,0,0,0.2
95,1,54.64,0,1,0.55,1,0,0,1,1,1,0,0,0,0,1,0,1,0.2
95,1,44.79,1,1,0.61,1,0,0,1,1,1,0,1,1,1,1,0,1,0.2
95,1,38.68,0,1,-0.97,0,0,0,1,1,1,0,1,1,0,0,0,0,0.2
95,0,54.4,1,1,-0.5,0,0,0,1,1,1,0,1,1,0,1,0,1,0.2
95,1,55.05,0,1,0.01,1,0,0,1,1,1,0,1,1,0,0,0,1,0.2
95,1,60.25,1,1,-0.43,1,0,0,1,1,1,0,1,0,0,1,0,1,0.2
95,1,49.08,1,1,-1.01,1,0,0,1,1,1,0,0,1,0,0,1,1,0.2
95,1,68.77,1,1,0.72,1,0,0,1,1,0,0,1,1,1,1,1,1,0.2
95,1,58.63,1,1,-0.2,1,0,0,1,1,1,0,1,1,0,0,0,0,0.2
95,0,53.83,0,1,-0.11,0,0,0,1,1,1,0,1,1,0,0,0,0,0.2
97,0,48.68,0,0,0.23,0,0,0,1,1,1,0,1,1,0,0,0,0,0
97,0,53.42,1,1,0.62,1,0,0,1,1,1,0,1,1,1,1,0,1,0
97,1,54.27,1,1,-0.69,0,0,0,1,1,1,0,1,1,0,0,0,1,0
97,1,58.19,0,1,-0.33,1,0,0,1,1,1,0,1,1,0,0,0,0,0
97,0,58.53,0,0,-0.57,1,0,0,1,1,1,0,0,0,0,0,0,1,0
97,0,53.78,0,0,0.45,1,0,0,1,1,1,0,0,0,0,1,0,1,0
97,0,66.88,0,1,-0.35,0,0,0,1,1,1,0,1,1,0,0,0,0,0
97,0,49.99,0,0,0.14,0,0,0,1,1,1,0,1,1,0,1,0,1,0
97,1,57.73,0,0,-0.13,1,0,0,1,1,1,0,1,1,0,0,0,1,0
97,0,54.52,1,1,0.87,1,0,0,1,1,1,0,1,1,1,1,0,1,0
98,1,65.12,1,1,0.39,1,0,0,1,1,1,0,1,1,1,1,0,0,0.06666666666666667
98,0,55.32,0,0,-0.86,0,0,0,1,1,1,0,1,1,0,0,0,1,0.06666666666666667
98,1,64.47,1,1,0.31,1,0,0,1,1,1,0,1,1,0,1,0,0,0.06666666666666667
98,1,53.62,1,1,-1.19,1,0,0,1,1,1,0,0,0,0,0,0,0,0.06666666666666667
98,1,52.88,0,0,-0.35,0,0,0,1,1,1,0,1,1,0,0,0,0,0.06666666666666667
98,1,40.9,0,0,-0.85,1,0,0,1,1,1,0,1,1,0,0,0,0,0.06666666666666667
98,0,39.34,1,1,0.05,1,0,0,1,1,1,0,1,1,1,0,0,0,0.06666666666666667
98,1,49.2,1,1,0.98,1,0,0,1,1,1,0,0,1,1,0,0,0,0.06666666666666667
98,0,58.92,1,0,-0.32,0,0,0,1,1,1,0,0,0,0,0,1,1,0.06666666666666667
98,1,60.92,1,1,0.89,1,1,0,0,1,1,0,1,0,1,1,0,0,0.06666666666666667
98,1,52.03,0,0,-0.09,0,0,0,1,1,1,0,1,1,0,1,0,0,0.06666666666666667
99,0,45.84,1,1,-0.67,0,0,0,1,1,1,0,1,1,0,1,0,1,0
99,1,56.11,1,1,-0.79,0,0,0,1,1,0,0,0,1,0,0,0,0,0
99,1,57.65,1,1,0.75,1,1,0,0,1,1,0,1,1,1,1,0,1,0
99,1,38.85,0,0,0.5,1,0,0,1,1,1,0,0,1,1,0,0,0,0
99,0,47.64,0,1,0.05,0,0,0,1,1,1,0,0,1,0,1,0,1,0
99,0,56.22,1,0,0.21,0,0,0,1,1,1,0,1,1,0,0,1,1,0
99,1,62.98,1,1,0.8,0,1,0,0,1,1,0,1,1,1,1,0,1,0
99,1,44.59,0,1,-0.16,1,0,0,1,1,1,1,0,1,0,1,0,1,0
99,1,61.58,1,0,-0.08,1,0,0,1,1,1,0,0,0,0,1,0,0,0
99,1,41.51,1,1,-0.39,1,0,0,1,1,1,0,0,1,0,0,0,0,0
100,1,40.84,0,0,0.34,0,0,0,1,1,1,0,0,0,1,1,0,1,0.4666666666666667
100,1,39.78,0,0,-0.02,1,0,0,1,1,1,1,0,1,0,1,0,0,0.4666666666666667
100,1,64.44,1,1,0.14,1,0,0,1,1,1,0,1,1,1,0,0,1,0.4666666666666667
100,0,52.56,0,0,-0.04,0,0,0,1,1,1,0,0,0,1,1,0,1,0.4666666666666667
100,1,62.93,1,1,0.35,1,0,0,1,1,1,0,1,0,0,1,0,0,0.4666666666666667
100,1,55.87,0,0,0.48,0,0,0,1,1,1,0,1,1,1,0,0,1,0.4666666666666667
100,1,52.1,0,0,-0.03,0,0,0,1,1,1,0,0,1,0,0,0,1,0.4666666666666667
100,1,57.96,1,1,-0.5,0,0,1,0,1,0,0,1,1,0,0,0,0,0.4666666666666667
100,0,44.99,0,0,-0.59,0,0,0,1,1,1,0,1,0,0,0,1,0,0.4666666666666667
100,1,56.52,0,0,-0.09,1,0,0,1,1,1,0,0,0,0,1,0,0,0.4666666666666667
100,1,36.46,0,0,-0.89,0,0,0,1,1,1,1,0,0,0,0,0,0,0.4666666666666667
100,1,56.58,0,0,-0.61,1,0,0,1,1,1,0,1,1,0,0,0,1,0.4666666666666667
100,0,46.16,0,0,-0.27,0,0,0,1,1,1,0,0,1,0,1,0,1,0.4666666666666667
100,1,61.34,0,0,-0.5,1,0,0,1,1,1,0,0,1,0,0,0,1,0.4666666666666667
100,1,48.14,0,0,-0.3,0,0,0,1,1,1,0,1,1,0,0,0,0,0.4666666666666667
100,1,42.14,0,0,-0.29,1,0,0,1,1,1,0,0,1,0,0,0,1,0.4666666666666667
100,1,59.9,1,0,0.41,0,0,0,1,1,1,0,1,1,1,0,0,0,0.4666666666666667
104,1,70.57,1,1,1.31,0,0,0,1,1,1,0,1,1,1,1,0,1,0.3333333333333333
104,1,48.26,0,0,-0.37,1,0,0,1,1,1,0,0,1,0,0,0,0,0.3333333333333333
104,1,49.99,0,1,-0.84,1,0,0,1,1,1,0,0,1,0,0,0,0,0.3333333333333333
104,0,49.93,0,0,-0.54,0,0,0,1,1,1,0,1,1,0,0,1,0,0.3333333333333333
104,0,53.21,1,0,0.6,0,0,0,1,1,1,0,1,0,1,1,0,1,0.3333333333333333
104,0,48.23,0,0,-0.82,1,0,0,1,1,1,0,1,1,0,0,0,0,0.3333333333333333
104,0,53.57,0,0,-0.76,0,0,0,1,1,1,0,0,1,0,0,0,1,0.3333333333333333
104,0,46.98,0,0,-0.71,0,0,0,1,1,1,0,1,1,0,1,1,1,0.3333333333333333
104,0,54.86,1,0,1.07,1,0,0,1,1,1,0,1,1,1,1,0,0,0.3333333333333333
104,1,58.18,1,1,0.8,1,0,0,1,1,1,0,0,1,0,1,0,1,0.3333333333333333
104,0,47.04,0,0,-1.32,1,0,0,1,1,1,0,1,1,0,0,0,0,0.3333333333333333
104,1,46.73,0,0,0.2,1,0,0,1,1,1,0,1,1,0,1,0,1,0.3333333333333333
104,1,28.77,1,1,-1.58,1,0,0,1,1,1,0,0,0,0,0,0,0,0.3333333333333333
104,0,46.43,0,0,-1.29,0,0,0,1,1,1,0,0,0,0,0,0,0,0.3333333333333333
104,0,41.78,0,0,-0.51,0,0,0,1,1,1,1,0,0,1,1,0,0,0.3333333333333333
105,0,53.4,0,0,-0.51,0,0,0,1,1,1,0,0,1,0,0,0,0,0.26666666666666666
105,0,39.2,1,1,-1.12,0,0,1,0,1,0,0,0,0,0,0,0,0,0.26666666666666666
105,0,54.82,1,0,-0.69,0,0,0,1,1,1,0,1,0,0,0,0,0,0.26666666666666666
105,0,41.65,1,1,0.7,0,1,0,0,0,1,0,0,0,1,1,0,1,0.26666666666666666
105,0,59.6,0,0,0.66,0,0,0,1,1,1,0,0,1,0,1,0,0,0.26666666666666666
105,0,53.52,1,0,-1.02,0,0,0,1,1,1,0,0,0,0,0,0,0,0.26666666666666666
105,1,52.84,1,1,-0.33,1,0,0,1,1,1,0,1,1,0,0,0,0,0.26666666666666666
105,1,43.62,1,1,0.22,0,0,0,1,1,1,0,1,1,1,1,0,0,0.26666666666666666
105,0,46.15,1,1,-0.23,1,0,0,1,1,1,0,1,1,0,0,0,1,0.26666666666666666
105,0,53.32,0,1,-0.19,0,0,0,1,1,1,0,1,0,0,1,0,1,0.26666666666666666
105,0,51.66,0,1,0.07,1,0,0,1,1,1,0,1,0,1,1,1,0,0.26666666666666666
105,0,54.47,1,1,0.26,0,0,0,1,1,1,0,1,0,1,1,0,1,0.26666666666666666
105,1,40.24,0,0,-1.11,1,0,0,1,1,1,0,0,1,0,0,0,0,0.26666666666666666
105,1,38.86,1,0,0.33,1,0,0,1,1,1,0,0,0,0,0,0,0,0.26666666666666666
106,0,61.29,0,1,0.26,0,0,0,1,1,1,0,1,0,0,1,0,1,0.3333333333333333
106,1,43.07,0,1,-0.01,1,0,0,1,1,1,0,1,1,0,0,1,1,0.3333333333333333
106,1,60.25,1,1,0.03,0,0,0,1,1,1,0,0,1,0,0,0,1,0.3333333333333333
106,0,47.05,0,0,-0.74,0,0,0,1,1,1,0,0,0,0,0,0,0,0.3333333333333333
106,1,48.9,1,1,-0.35,1,0,0,1,1,1,1,1,1,0,0,0,0,0.3333333333333333
106,0,35.41,0,1,-0.38,0,0,0,1,1,1,1,1,1,1,0,1,1,0.3333333333333333
106,1,42.67,0,0,0.69,0,0,0,1,1,1,0,1,0,1,1,0,1,0.3333333333333333
106,0,49.24,0,1,-0.34,0,0,0,1,1,1,0,1,1,0,1,1,1,0.3333333333333333
106,1,46.66,1,0,-0.2,0,0,0,1,1,1,0,1,1,0,1,0,1,0.3333333333333333
106,0,45.77,0,0,0.27,1,0,0,1,1,1,0,0,0,1,0,0,0,0.3333333333333333
106,1,60.6,1,1,0.32,0,0,0,1,1,1,0,1,1,1,0,0,1,0.3333333333333333
106,0,53.66,1,0,0.18,0,0,0,1,1,1,0,0,1,0,1,1,1,0.3333333333333333
106,0,64.55,1,1,1.04,1,0,0,1,1,1,0,1,0,1,1,0,1,0.3333333333333333
106,0,43.2,0,0,-0.69,1,0,0,1,1,1,1,0,0,0,0,0,0,0.3333333333333333
106,0,39.98,0,0,-0.61,0,0,0,1,1,1,0,1,1,0,1,0,0,0.3333333333333333
107,0,60.37,0,1,0.15,1,0,0,1,1,1,0,1,0,0,1,0,0,0.4666666666666667
107,1,54.09,1,1,-0.67,1,0,0,1,1,1,0,0,1,0,0,0,1,0.4666666666666667
107,0,50.7,0,0,-1.33,0,0,0,0,1,1,0,0,0,0,0,1,0,0.4666666666666667
107,1,45.9,1,1,-0.04,1,0,1,0,1,1,0,0,0,0,1,1,1,0.4666666666666667
107,1,58.58,1,1,0.63,1,0,0,1,1,1,0,0,1,1,0,0,1,0.4666666666666667
107,1,58.17,1,1,-0.96,0,0,0,1,1,1,0,1,0,0,0,0,0,0.4666666666666667
107,1,53.39,0,0,-0.84,1,0,0,1,1,1,0,1,1,0,0,0,0,0.4666666666666667
107,0,59.96,1,1,0.3,0,0,0,1,1,1,0,1,1,1,1,0,0,0.4666666666666667
107,1,51.09,1,0,-0.12,1,0,0,1,1,1,0,1,1,0,0,0,0,0.4666666666666667
107,0,49.34,0,0,-0.8,1,0,0,1,1,1,0,0,0,0,0,0,0,0.4666666666666667
107,1,65.89,0,1,0.5,0,0,0,1,1,1,0,1,1,1,0,0,0,0.4666666666666667
107,1,42.78,1,1,-0.86,0,0,0,1,1,1,0,1,0,0,0,0,0,0.4666666666666667
107,1,52.97,0,1,-0.23,1,0,0,1,1,1,1,1,0,0,0,0,0,0.4666666666666667
107,1,53.41,0,1,0.41,1,0,0,1,1,1,0,1,1,1,1,0,1,0.4666666666666667
107,0,50.72,0,0,0.43,0,0,0,1,1,1,0,1,1,0,1,0,0,0.4666666666666667
107,1,41.74,0,0,-0.02,1,0,0,1,1,1,0,0,0,0,1,0,0,0.4666666666666667
107,1,46.1,0,1,-0.21,1,0,0,1,1,1,0,1,0,0,0,0,0,0.4666666666666667
145,0,46.5,0,0,-0.52,0,1,0,0,1,1,0,0,0,0,0,0,0,0.06666666666666667
145,0,37.81,1,1,0.22,0,0,1,0,1,0,1,1,1,1,1,1,1,0.06666666666666667
145,1,46.11,0,0,-0.75,0,0,1,0,0,1,0,0,0,0,0,1,1,0.06666666666666667
145,0,22.49,0,0,-0.89,0,1,0,0,1,1,1,0,0,0,0,1,0,0.06666666666666667
145,0,35.38,0,0,-1.44,1,0,1,0,1,1,0,0,0,0,0,1,0,0.06666666666666667
145,1,30.75,0,1,-0.63,1,0,1,0,1,1,0,0,0,0,0,1,1,0.06666666666666667
145,0,39.16,0,0,0.04,0,0,1,0,1,1,0,0,0,0,0,1,1,0.06666666666666667
145,0,40.23,0,1,-0.33,0,0,1,0,1,1,0,0,1,0,0,0,0,0.06666666666666667
145,1,39.36,0,0,-0.9,1,0,1,0,1,1,0,0,1,0,0,0,0,0.06666666666666667
145,1,45.08,0,1,-1.69,1,0,1,0,1,1,0,0,0,0,0,0,1,0.06666666666666667
145,1,43.24,0,0,-1.11,0,0,1,0,0,0,0,1,1,0,0,0,0,0.06666666666666667
146,0,60.61,1,1,0.57,0,0,0,1,1,1,0,0,0,0,1,0,0,0.06666666666666667
146,1,49.67,0,0,0.33,1,0,0,1,1,1,0,1,1,0,1,0,1,0.06666666666666667
146,0,56.21,0,1,0.03,0,0,0,1,1,1,0,0,0,0,1,0,0,0.06666666666666667
146,1,37.01,0,0,-0.45,1,0,0,1,1,1,0,1,1,0,1,0,0,0.06666666666666667
146,1,47.66,1,0,0.49,0,0,0,1,1,1,0,0,1,0,1,1,1,0.06666666666666667
146,0,44.44,0,0,0.61,0,0,0,1,1,1,1,1,1,1,0,0,0,0.06666666666666667
146,0,32.68,1,0,-0.35,1,0,0,1,1,1,1,0,1,0,1,0,0,0.06666666666666667
146,1,61.81,1,1,0.55,1,0,0,1,1,1,0,1,1,1,1,0,0,0.06666666666666667
146,1,49.02,0,0,0.7,1,0,0,1,1,1,0,1,1,1,1,1,1,0.06666666666666667
146,1,74.97,1,1,0.92,0,0,0,1,1,1,0,1,1,1,1,0,0,0.06666666666666667
146,1,53.95,0,0,0.54,1,0,0,1,1,1,0,1,1,0,1,0,0,0.06666666666666667
147,1,40.5,0,0,-0.32,1,0,0,1,1,1,0,1,0,1,0,0,0,0.5333333333333333
147,1,40.69,0,0,0.34,0,0,0,1,1,1,0,1,1,0,1,0,1,0.5333333333333333
147,1,52.87,0,1,-0.51,1,0,1,0,1,1,0,0,1,0,0,0,0,0.5333333333333333
147,1,65.14,1,1,0.51,1,0,0,1,1,1,0,1,1,0,1,0,1,0.5333333333333333
147,1,48.48,0,0,-0.7,0,0,0,1,1,1,1,1,0,0,0,0,1,0.5333333333333333
147,0,45.73,0,0,-1.17,0,0,0,1,1,1,0,1,1,0,0,0,1,0.5333333333333333
147,1,43.63,1,0,-0.64,1,0,0,1,1,1,0,1,1,0,0,1,1,0.5333333333333333
147,0,49.38,0,1,-0.93,0,0,0,1,1,1,0,1,1,0,0,1,1,0.5333333333333333
147,1,39.93,0,0,-1.19,1,0,0,1,1,1,1,1,1,0,0,0,0,0.5333333333333333
147,1,43.93,0,1,-0.84,1,0,0,1,1,1,0,1,1,0,0,0,1,0.5333333333333333
147,0,53.82,0,0,-0.77,0,0,0,1,1,1,0,0,1,0,0,0,0,0.5333333333333333
147,1,40.57,0,0,-0.92,0,0,1,0,1,1,0,0,0,0,0,0,1,0.5333333333333333
147,1,47.32,0,0,-0.66,0,0,0,1,1,1,0,1,1,0,0,0,1,0.5333333333333333
147,0,56.19,0,0,-0.5,0,0,0,1,1,1,0,0,1,0,1,0,0,0.5333333333333333
147,0,52.46,0,1,0.65,0,0,0,1,1,1,1,1,1,1,1,0,0,0.5333333333333333
147,1,48.75,0,1,-0.52,0,0,0,1,1,1,0,1,1,1,0,0,0,0.5333333333333333
147,0,42.04,0,0,-0.6,0,0,0,1,1,1,0,0,0,0,0,0,0,0.5333333333333333
147,1,50.45,0,1,0.27,0,0,0,1,1,1,0,0,0,0,1,0,0,0.5333333333333333
148,1,62.01,1,1,-0.01,1,0,0,1,1,1,0,0,1,0,0,1,1,0.13333333333333333
148,1,40.67,0,0,-0.65,1,0,0,1,1,1,1,1,0,0,0,0,0,0.13333333333333333
148,0,49.21,0,0,-1.16,0,0,1,0,1,0,0,0,1,0,0,0,0,0.13333333333333333
148,1,57.08,1,1,-0.13,1,0,0,1,1,1,0,1,1,0,1,0,0,0.13333333333333333
148,1,47.32,1,1,-0.15,1,0,0,1,1,1,0,0,1,0,1,0,0,0.13333333333333333
148,1,59.21,1,1,0.26,0,0,0,1,1,1,0,0,1,1,1,0,1,0.13333333333333333
148,0,43.63,1,1,-0.61,1,0,0,1,1,1,0,1,1,0,0,0,0,0.13333333333333333
148,1,47.87,1,1,-0.4,1,0,0,1,1,1,0,0,1,0,0,0,0,0.13333333333333333
148,1,66.89,1,1,-0.06,0,0,0,1,1,1,0,1,1,0,1,0,1,0.13333333333333333
148,0,51.66,0,1,0.55,1,0,0,1,1,1,0,1,0,1,0,0,0,0.13333333333333333
148,1,35.92,0,1,0.03,1,0,0,1,1,1,1,0,0,0,0,0,0,0.13333333333333333
148,1,46.36,0,0,0.26,0,0,0,1,0,1,0,1,1,0,0,0,1,0.13333333333333333
149,1,47.49,0,0,-1.09,1,0,0,1,1,1,0,1,1,0,0,0,0,0.3333333333333333
149,1,67.66,0,0,-0.75,0,0,0,1,1,1,0,1,1,0,1,0,0,0.3333333333333333
149,0,58.42,1,0,0.41,1,0,0,1,1,1,0,1,1,1,1,0,0,0.3333333333333333
149,1,46.72,0,0,0.22,1,0,0,1,1,1,0,1,0,1,1,0,1,0.3333333333333333
149,1,49.35,0,1,0.25,1,0,0,1,1,1,0,0,1,1,1,0,0,0.3333333333333333
149,0,58.93,0,0,-0.02,0,0,0,1,1,1,0,1,1,0,0,0,0,0.3333333333333333
149,1,66.33,0,0,0.87,0,0,0,1,1,1,0,1,1,1,1,0,1,0.3333333333333333
149,1,53.04,0,0,0.46,0,0,0,1,1,1,1,0,0,1,0,0,1,0.3333333333333333
149,1,48.09,1,0,-0.66,0,0,0,1,1,1,1,0,0,1,0,1,1,0.3333333333333333
149,1,50.36,0,0,-0.4,0,0,0,1,1,1,0,1,1,0,0,0,0,0.3333333333333333
149,1,68.61,1,1,0.01,1,0,0,1,1,1,0,1,1,0,1,0,1,0.3333333333333333
149,1,39,0,0,-0.27,1,0,0,1,1,1,0,1,1,0,1,0,1,0.3333333333333333
149,1,46.25,0,0,0.27,0,0,0,1,1,1,1,0,0,0,1,1,0,0.3333333333333333
149,0,35.13,0,0,-0.07,1,0,0,1,1,1,0,1,1,0,0,1,1,0.3333333333333333
149,0,43.62,0,0,-0.4,1,0,0,1,1,1,0,1,1,0,0,0,1,0.3333333333333333
150,1,50.38,1,1,0.45,1,0,0,1,1,1,0,1,0,1,0,0,1,0.4
150,1,40.88,1,0,-0.61,1,0,0,1,1,1,0,1,0,0,1,0,1,0.4
150,1,66.12,1,1,0.14,0,0,0,1,1,1,0,1,1,0,1,0,0,0.4
150,0,54.33,0,1,-0.25,0,0,0,1,1,1,0,1,1,0,1,0,0,0.4
150,1,56.82,0,1,0.98,1,0,0,1,1,1,0,1,0,1,1,0,0,0.4
150,1,63.02,1,1,0.81,1,0,0,1,1,1,0,1,1,1,0,0,1,0.4
150,0,51.34,1,0,0.42,0,0,0,1,1,1,0,1,0,1,1,0,0,0.4
150,0,42.55,0,0,-0.14,1,0,0,1,1,1,0,1,1,0,1,0,1,0.4
150,1,48.53,1,1,-0.47,1,0,0,1,1,1,0,0,1,0,0,0,1,0.4
150,0,52.28,0,1,0.61,0,0,0,1,1,1,0,1,1,0,1,0,0,0.4
150,0,50.42,0,0,-0.46,1,0,0,1,1,1,0,1,1,0,0,0,0,0.4
150,1,61.08,0,1,0.89,0,0,0,1,1,1,0,1,1,1,1,0,1,0.4
150,0,51.85,0,1,0.01,1,0,0,1,1,1,0,0,0,0,0,0,0,0.4
150,1,62.01,0,1,0.1,1,0,0,1,1,1,0,1,0,0,1,0,1,0.4
150,1,38.98,0,0,-0.19,1,0,0,1,1,1,0,0,1,1,0,0,0,0.4
150,1,54.84,1,1,-0.02,1,0,0,1,1,1,0,1,1,0,1,0,1,0.4
151,0,43.3,0,0,0.21,0,0,0,1,1,1,0,1,0,0,1,0,1,0.5333333333333333
151,1,49.28,0,0,-0.24,0,0,0,1,1,1,1,1,0,0,0,0,0,0.5333333333333333
151,1,65.79,1,1,0.32,1,0,0,1,1,1,0,1,1,1,1,0,1,0.5333333333333333
151,0,57.13,0,1,-0.14,0,0,0,1,1,1,0,0,1,0,1,0,0,0.5333333333333333
151,0,40.37,0,0,-0.28,1,0,0,1,1,1,0,1,1,0,0,0,0,0.5333333333333333
151,1,44.77,0,0,-0.92,1,0,1,0,1,1,0,1,0,0,0,0,0,0.5333333333333333
151,1,29.27,0,0,-0.09,1,0,0,1,1,1,0,1,1,0,0,1,1,0.5333333333333333
151,1,47.89,0,0,-0.25,0,0,0,1,1,1,0,0,0,0,0,0,1,0.5333333333333333
151,1,40.09,0,0,-0.94,1,0,0,1,1,1,0,1,0,0,0,0,0,0.5333333333333333
151,1,44.61,0,0,-0.38,1,0,0,1,1,1,0,1,1,0,0,0,1,0.5333333333333333
151,0,60.7,1,0,0.81,0,0,0,1,1,1,0,0,1,1,0,0,0,0.5333333333333333
151,0,44.65,0,0,0.75,0,0,0,1,1,1,0,1,0,1,1,0,0,0.5333333333333333
151,1,49.83,1,1,0.58,1,0,0,1,1,1,0,1,1,1,1,0,1,0.5333333333333333
151,1,38.88,0,0,-0.4,1,0,0,1,1,1,0,1,1,1,1,0,1,0.5333333333333333
151,0,37.88,0,1,-0.49,0,0,0,1,1,1,1,0,1,0,1,0,1,0.5333333333333333
151,0,44.42,0,1,-0.34,0,0,0,1,1,1,0,0,1,1,0,1,0,0.5333333333333333
151,0,41.77,0,1,-1.02,0,0,0,1,1,1,0,1,1,0,0,0,1,0.5333333333333333
151,1,39.82,0,0,0.68,1,0,0,1,1,1,0,1,1,1,1,0,1,0.5333333333333333
152,1,50.37,0,0,-0.94,1,0,0,1,1,1,0,0,0,0,0,1,1,0.26666666666666666
152,1,36.39,0,1,0.12,1,0,0,1,1,1,1,0,1,1,0,0,1,0.26666666666666666
152,0,45.04,1,1,-0.06,1,0,0,1,1,1,0,1,1,0,0,1,0,0.26666666666666666
152,0,65.31,0,1,-0.58,0,0,0,1,1,1,0,1,1,0,0,0,0,0.26666666666666666
152,0,55.45,0,0,-0.86,1,0,0,1,1,1,0,1,0,0,0,0,0,0.26666666666666666
152,1,55.56,0,1,-0.29,0,0,0,1,1,1,0,1,1,0,1,0,0,0.26666666666666666
152,1,27.19,0,1,-0.95,1,0,0,1,1,1,1,1,1,0,0,1,0,0.26666666666666666
152,1,47.9,0,1,-0.15,1,0,0,1,1,0,0,0,0,0,0,1,1,0.26666666666666666
152,1,61.06,0,1,-1.02,1,0,0,1,1,1,0,1,0,0,0,0,0,0.26666666666666666
152,0,49.23,0,0,-0.38,0,0,0,1,1,1,0,1,1,0,0,0,0,0.26666666666666666
152,1,62.62,1,1,-0.3,1,0,0,1,1,1,0,0,1,0,0,1,0,0.26666666666666666
152,1,54.49,1,1,-0.25,1,0,0,1,1,1,0,0,0,0,1,0,1,0.26666666666666666
152,1,53.9,0,1,0.61,0,0,0,1,1,1,0,1,1,1,1,0,1,0.26666666666666666
152,1,69.1,1,1,-0.28,0,0,0,1,1,0,0,1,1,0,1,0,0,0.26666666666666666
191,1,47.96,0,1,-1.03,0,0,1,0,0,0,0,0,1,0,0,0,0,0.26666666666666666
191,0,49.1,0,0,0.5,0,0,1,0,0,0,1,1,0,1,1,1,1,0.26666666666666666
191,0,58.26,0,0,0.69,1,0,1,0,1,1,0,1,0,1,1,1,1,0.26666666666666666
191,1,54.18,1,1,1.04,1,0,0,1,1,1,0,1,1,1,1,0,0,0.26666666666666666
191,0,36.93,0,0,-0.21,1,0,0,0,1,0,0,0,0,0,0,0,0,0.26666666666666666
191,1,57.37,0,1,0.99,0,0,0,1,1,1,0,1,1,1,1,0,0,0.26666666666666666
191,1,45.92,0,0,0.72,0,0,0,1,0,1,1,1,1,0,1,0,1,0.26666666666666666
191,0,55.68,0,0,1.09,0,0,0,1,1,1,0,1,0,1,1,0,1,0.26666666666666666
191,0,54.86,1,1,-0.16,0,0,0,1,1,1,0,1,0,0,1,0,1,0.26666666666666666
191,1,58.15,1,0,0.06,1,0,1,0,1,1,1,0,1,1,0,0,0,0.26666666666666666
191,0,49.98,0,1,0.43,1,0,0,0,1,1,0,1,1,0,1,1,1,0.26666666666666666
191,1,65.66,1,0,1.72,1,0,0,1,1,1,0,1,1,1,1,0,1,0.26666666666666666
191,1,57.06,0,0,0.71,1,0,0,1,1,1,0,1,1,1,1,0,1,0.26666666666666666
191,0,66.97,1,1,0.8,1,0,0,1,1,1,0,1,1,1,1,0,1,0.26666666666666666
192,0,34.64,0,1,-0.55,1,0,0,0,1,1,0,0,0,0,0,1,0,0.06666666666666667
192,0,63.93,1,1,0.67,0,0,1,0,0,1,0,1,1,1,0,0,1,0.06666666666666667
192,1,39.73,1,1,-0.92,1,0,0,1,1,1,0,0,0,0,1,0,0,0.06666666666666667
192,1,46.91,0,1,-0.26,1,0,0,1,1,1,0,1,1,1,1,0,1,0.06666666666666667
192,1,62.09,1,1,1.19,1,1,0,0,1,1,0,1,1,1,1,0,1,0.06666666666666667
192,0,52.38,1,1,0.37,1,0,0,1,1,1,0,1,1,1,1,0,0,0.06666666666666667
192,1,56.65,1,1,0.56,1,0,0,1,1,1,0,1,1,1,1,0,1,0.06666666666666667
192,1,69.71,0,0,0.85,0,0,0,1,1,1,0,1,1,1,1,0,0,0.06666666666666667
192,0,50.54,0,0,0.25,1,0,0,1,1,1,0,1,1,0,1,0,1,0.06666666666666667
192,1,52.6,0,0,0.66,1,0,0,1,1,1,0,1,1,1,0,0,1,0.06666666666666667
192,1,54.75,0,0,-0.5,0,0,0,1,1,1,0,1,1,0,0,1,0,0.06666666666666667
193,0,33.85,1,0,-0.75,1,0,0,1,1,1,0,1,1,0,0,0,1,0.26666666666666666
193,1,38.8,1,1,-1.03,1,0,0,0,1,1,0,0,1,0,0,0,0,0.26666666666666666
193,1,67.25,1,1,0.05,0,0,1,0,1,1,0,0,1,1,1,0,1,0.26666666666666666
193,0,65.05,0,0,0.41,0,0,0,1,1,1,0,1,1,0,1,0,1,0.26666666666666666
193,1,45.26,0,1,-0.3,0,0,0,0,1,1,0,1,1,0,0,1,0,0.26666666666666666
193,1,46.21,0,1,-0.84,1,0,0,1,1,1,0,1,0,0,0,0,0,0.26666666666666666
193,1,51.86,0,0,0.89,0,0,0,1,1,1,0,0,1,1,1,0,1,0.26666666666666666
193,0,46.49,0,1,-0.38,1,0,0,0,1,1,0,1,1,0,0,0,0,0.26666666666666666
193,1,47.84,0,1,-0.33,1,0,0,1,1,1,0,1,0,0,0,0,1,0.26666666666666666
193,1,49.31,0,1,0.55,1,0,0,1,1,1,0,1,1,0,1,0,0,0.26666666666666666
193,0,49.69,0,0,-0.43,1,0,0,1,1,1,0,1,1,0,0,0,0,0.26666666666666666
193,0,59.18,1,1,0.46,0,0,0,1,1,0,0,1,1,1,1,0,1,0.26666666666666666
193,1,44.9,0,0,-0.5,1,0,0,1,1,1,0,1,0,0,0,0,0,0.26666666666666666
193,1,51.94,0,1,0.28,1,0,0,1,1,1,0,1,1,1,0,0,1,0.26666666666666666
194,1,52.29,0,0,0.39,1,0,0,1,1,1,0,1,1,0,1,0,1,0.6
194,1,59.39,1,1,0.54,1,0,0,1,1,1,0,1,1,1,1,0,1,0.6
194,0,50.32,0,1,0.32,1,1,0,0,1,1,0,0,1,0,1,0,1,0.6
194,0,63.59,0,1,1.46,1,0,0,1,1,0,0,1,1,1,0,0,1,0.6
194,1,46.42,0,0,0.06,1,0,0,1,1,1,0,0,1,0,0,0,0,0.6
194,0,44.08,0,1,1.17,0,0,0,0,1,1,0,1,0,1,1,0,1,0.6
194,1,58.88,0,1,1.45,1,0,0,1,1,1,0,1,1,1,1,0,1,0.6
194,1,49.17,1,0,0.65,1,0,0,1,1,1,0,1,1,1,1,0,0,0.6
194,1,61.02,0,1,1.12,1,0,0,1,1,1,0,1,1,1,1,0,1,0.6
194,1,49.89,1,1,0.89,1,0,1,0,1,1,0,0,0,1,1,0,1,0.6
194,0,35.33,0,1,-0.17,0,0,0,0,1,0,0,1,0,0,0,1,0,0.6
194,0,53.97,0,1,0.71,0,0,0,1,1,1,0,1,1,1,1,0,1,0.6
194,1,58.34,0,1,0.12,1,0,0,1,1,0,0,1,0,0,0,1,1,0.6
194,1,68.44,1,1,0.51,0,0,0,1,1,1,0,0,1,1,1,0,1,0.6
194,1,69.01,1,1,1.72,0,0,0,1,1,1,0,1,1,1,1,0,1,0.6
194,0,45.81,0,0,-0.27,0,0,0,1,1,1,0,0,0,0,1,0,0,0.6
194,1,41.65,1,0,-0.24,0,0,1,0,1,0,1,1,1,0,0,0,1,0.6
194,0,51.11,0,0,0.38,0,0,0,1,1,1,0,1,0,0,0,0,1,0.6
194,1,52.71,1,1,0.57,1,0,0,1,1,1,0,0,1,1,1,0,1,0.6
195,1,37.67,0,1,-0.18,1,0,0,1,1,1,0,1,1,0,1,1,1,0.5333333333333333
195,0,45.12,0,0,-1.27,0,0,0,0,1,1,0,0,1,0,0,0,0,0.5333333333333333
195,1,40.22,1,0,-0.27,1,0,0,0,1,1,0,1,1,0,1,0,1,0.5333333333333333
195,1,55.27,0,0,-0.39,1,0,0,0,1,1,0,0,1,0,0,0,0,0.5333333333333333
195,0,38.92,0,0,-1.35,1,0,1,0,1,1,0,1,0,0,0,0,0,0.5333333333333333
195,1,46.54,0,0,0.21,1,0,0,1,1,1,0,1,1,0,1,0,1,0.5333333333333333
195,0,54.24,1,1,1.47,1,0,0,1,1,1,0,1,1,1,1,0,1,0.5333333333333333
195,0,42.74,0,0,-1.12,0,0,0,1,1,1,0,1,1,0,0,0,1,0.5333333333333333
195,1,46.58,1,1,0,1,0,0,0,1,1,0,0,0,1,1,0,0,0.5333333333333333
195,1,57.59,0,1,-0.21,1,0,0,1,1,1,0,0,0,0,0,0,1,0.5333333333333333
195,1,65.3,0,1,0.73,0,0,0,1,1,1,0,1,1,1,1,0,1,0.5333333333333333
195,1,51.52,0,0,0.18,1,0,0,1,1,1,0,1,1,0,1,0,0,0.5333333333333333
195,1,48.09,0,0,-1.26,0,0,0,1,1,1,0,1,1,0,0,0,1,0.5333333333333333
195,1,49.35,0,0,0.26,1,0,0,1,1,1,0,0,1,0,0,0,0,0.5333333333333333
195,1,61.55,1,0,-1.16,0,0,0,1,1,1,1,0,1,0,0,0,0,0.5333333333333333
195,1,68.8,1,1,0.49,0,0,0,1,1,1,0,1,0,1,1,0,1,0.5333333333333333
195,1,61.35,1,1,-0.22,1,0,0,1,1,1,0,0,1,0,0,0,0,0.5333333333333333
195,1,53.66,0,1,0.03,0,0,0,1,1,1,0,0,1,1,1,0,1,0.5333333333333333
196,1,67.83,1,1,-0.51,0,0,0,1,1,1,0,1,1,0,0,0,0,0.2
196,1,54.36,0,0,0.45,1,0,0,1,1,1,0,0,1,1,1,0,0,0.2
196,0,71.28,1,1,0.41,0,0,0,1,1,1,0,0,1,1,1,0,0,0.2
196,1,47.69,1,0,-0.53,0,0,0,0,1,1,0,0,1,0,0,0,0,0.2
196,0,64.52,0,1,0.36,0,0,0,1,1,1,0,0,0,0,1,0,0,0.2
196,1,57.84,1,1,0.98,1,0,0,1,1,1,0,1,1,1,0,0,1,0.2
196,1,63.83,1,1,0.96,0,0,0,1,1,1,0,1,0,1,1,0,1,0.2
196,1,42.34,1,1,0.65,1,0,0,0,1,1,0,1,1,1,1,1,1,0.2
196,1,48.71,1,0,-0.43,1,0,0,1,1,1,0,1,0,0,0,0,1,0.2
196,1,58.26,1,1,0.26,1,0,0,1,1,1,0,0,0,0,1,0,1,0.2
196,1,47.72,1,0,-0.02,0,0,0,1,1,1,0,1,1,0,1,0,0,0.2
196,1,45.91,0,1,0.06,1,0,1,0,0,0,0,1,1,1,0,0,0,0.2
196,0,53.49,0,1,-0.71,0,0,0,0,1,1,0,1,0,0,0,0,0,0.2
197,0,63.34,1,0,0.12,0,1,0,0,0,0,0,0,1,1,1,0,0,0.06666666666666667
197,1,70.33,1,1,0.64,1,0,0,1,1,1,0,1,1,1,1,0,1,0.06666666666666667
197,1,44.05,1,0,0.75,1,0,0,1,1,1,0,1,1,1,1,0,1,0.06666666666666667
197,1,53.65,1,0,1.22,1,0,0,1,1,1,0,0,1,1,1,0,1,0.06666666666666667
197,1,54.91,1,0,0.85,1,0,0,1,1,1,0,1,1,1,1,0,0,0.06666666666666667
197,1,48.99,1,1,0.2,1,0,1,0,1,0,0,1,1,0,1,0,0,0.06666666666666667
197,1,67.47,1,0,0.86,1,0,1,0,0,0,0,1,1,1,1,0,0,0.06666666666666667
197,0,41.66,0,0,0.48,0,0,0,1,1,1,0,1,1,1,1,0,1,0.06666666666666667
197,1,50.35,0,0,0.22,0,0,0,1,1,0,0,0,1,0,1,0,0,0.06666666666666667
197,1,57.45,0,1,0.98,0,0,0,1,1,0,0,1,1,1,1,0,1,0.06666666666666667
197,0,39.9,0,0,0.46,0,0,0,1,1,1,1,1,1,0,1,0,1,0.06666666666666667
198,1,47.91,0,0,0.8,1,0,0,1,1,1,0,1,1,1,1,0,0,0.6
198,0,38.5,0,1,0.13,0,0,0,1,1,1,0,0,1,0,0,0,0,0.6
198,1,40.94,0,0,0.38,0,0,0,1,1,1,1,1,0,0,0,0,0,0.6
198,1,64.85,0,1,0.55,0,0,0,1,1,1,0,1,1,0,1,0,1,0.6
198,0,47.05,0,0,0.71,0,0,1,0,1,0,0,1,0,1,1,0,0,0.6
198,1,47.97,0,0,-0.75,1,0,1,0,0,0,0,0,1,0,1,0,0,0.6
198,1,49.4,1,1,-0.04,1,0,0,1,1,1,0,1,1,0,1,0,0,0.6
198,1,57.24,0,0,0.45,1,0,0,1,1,1,0,1,0,0,1,0,1,0.6
198,0,39.69,0,1,-1.09,1,0,0,0,1,1,1,0,1,0,0,0,0,0.6
198,0,34.83,1,0,0.38,0,0,0,0,1,1,0,1,1,1,0,0,1,0.6
198,1,53.12,0,0,0.58,0,1,0,0,1,1,0,0,1,0,1,0,0,0.6
198,1,64.58,1,1,0.51,1,0,0,1,1,1,0,0,0,0,1,0,1,0.6
198,0,44.47,0,0,-0.44,0,0,0,1,1,1,0,0,1,0,0,0,0,0.6
198,1,49.49,0,0,0.73,1,0,0,1,1,1,0,1,1,1,1,0,0,0.6
198,0,57.66,1,1,-0.44,1,0,0,1,1,1,0,1,1,0,1,0,0,0.6
198,0,41.67,0,0,0.08,0,0,0,0,1,1,0,1,0,0,1,0,0,0.6
198,0,36.06,0,0,0.31,1,0,0,0,1,1,0,0,1,0,0,0,0,0.6
198,1,60.12,1,0,-0.69,1,0,0,1,1,0,0,1,0,0,0,0,0,0.6
198,0,44.31,1,0,1.22,1,0,0,1,1,1,1,1,1,1,1,0,1,0.6
199,0,43.47,1,0,-0.86,1,0,0,1,1,1,0,1,1,0,1,0,1,0.06666666666666667
199,1,53.2,1,1,0.34,1,0,0,1,1,1,0,1,1,0,0,0,1,0.06666666666666667
199,1,54.25,0,1,-0.65,1,0,0,1,1,1,0,1,1,0,0,0,1,0.06666666666666667
199,1,33.52,1,0,-0.05,0,0,0,1,1,1,1,1,1,0,0,0,1,0.06666666666666667
199,1,49.25,0,0,-1.27,1,0,0,1,1,1,0,1,1,0,0,1,1,0.06666666666666667
199,1,32.14,0,1,-0.02,0,0,0,1,1,1,1,1,0,0,1,0,1,0.06666666666666667
199,1,46.12,0,0,-0.61,1,0,0,1,1,1,0,1,0,0,0,0,0,0.06666666666666667
199,1,36.85,0,1,0.09,1,0,0,1,1,1,0,0,0,1,0,0,0,0.06666666666666667
199,0,39.75,0,0,1.08,0,0,0,1,1,1,0,1,1,1,1,0,1,0.06666666666666667
199,0,33.55,0,0,-0.73,1,0,0,1,1,1,0,0,1,0,0,1,1,0.06666666666666667
199,0,51.72,0,1,-1.54,0,0,0,1,1,1,0,0,0,0,0,0,1,0.06666666666666667
200,0,38.68,0,1,-0.12,1,0,0,1,1,1,0,1,1,0,0,1,0,0.06666666666666667
200,0,50.29,0,0,0.12,1,0,0,1,1,1,0,0,1,0,1,0,0,0.06666666666666667
200,1,37.9,1,0,0.5,1,0,0,1,1,1,0,1,1,1,1,0,1,0.06666666666666667
200,0,47.11,0,0,-0.14,0,0,0,1,1,1,1,0,0,0,0,0,0,0.06666666666666667
200,0,60.71,0,1,0.82,0,0,0,1,1,1,0,0,1,1,1,0,1,0.06666666666666667
200,0,58.48,0,0,1.19,0,0,0,1,1,1,0,1,1,1,1,0,1,0.06666666666666667
200,0,47.69,0,1,-0.64,0,0,1,0,1,1,0,1,1,0,0,0,0,0.06666666666666667
200,1,52.09,0,0,-0.1,1,0,0,1,1,1,0,1,1,0,0,0,0,0.06666666666666667
200,0,46.39,1,1,-0.42,1,0,0,1,1,1,0,1,0,0,1,1,1,0.06666666666666667
200,1,38.37,0,0,0.13,1,1,0,0,1,1,0,1,0,1,0,0,0,0.06666666666666667
200,0,52.57,0,0,1.37,0,0,0,1,1,1,0,1,1,1,1,0,1,0.06666666666666667
201,0,54.96,0,1,-0.76,1,0,0,1,1,1,0,0,1,0,1,0,0,0.06666666666666667
201,1,26.29,0,0,0.96,0,1,0,0,1,1,1,1,1,1,0,1,1,0.06666666666666667
201,0,38.49,0,0,-0.51,1,0,0,1,1,1,0,1,0,0,0,0,1,0.06666666666666667
201,1,44.42,0,0,0.65,0,0,0,1,1,1,0,1,0,1,0,0,1,0.06666666666666667
201,0,39.02,0,0,-0.17,0,0,0,1,1,1,0,0,1,0,0,0,0,0.06666666666666667
201,1,35.95,1,1,-0.58,1,0,0,1,1,1,1,0,1,0,0,0,1,0.06666666666666667
201,1,51.89,1,1,0.41,1,0,0,1,1,1,0,0,0,1,1,0,1,0.06666666666666667
201,1,52.19,1,1,-0.12,0,0,0,1,1,1,0,1,1,0,1,0,1,0.06666666666666667
201,1,47.8,0,0,0.59,0,0,0,1,1,1,0,1,1,1,1,0,1,0.06666666666666667
201,1,52.78,1,1,-0.2,1,0,0,1,1,1,0,0,1,0,1,0,1,0.06666666666666667
201,1,63.47,1,1,1.05,1,0,0,1,1,1,0,1,1,1,1,0,1,0.06666666666666667
202,0,62.99,1,1,0.22,1,0,1,0,0,0,0,1,0,0,1,1,0,0.13333333333333333
202,1,50.96,1,0,1.24,1,0,0,1,1,1,0,1,1,1,1,0,1,0.13333333333333333
202,1,27.85,1,1,-1.11,1,1,0,0,1,1,0,1,1,0,0,1,0,0.13333333333333333
202,0,32.36,0,1,-1.34,1,0,0,0,1,1,0,0,0,0,0,1,0,0.13333333333333333
202,1,40.59,0,0,-0.2,0,0,0,1,1,1,0,0,0,0,0,1,0,0.13333333333333333
202,1,51.37,0,0,-0.52,0,0,0,1,1,1,0,0,1,0,0,0,1,0.13333333333333333
202,0,50.13,0,0,0.91,0,0,0,1,1,1,1,1,1,1,1,0,1,0.13333333333333333
202,0,47.25,0,0,-0.43,0,0,0,0,1,1,0,0,1,0,0,0,1,0.13333333333333333
202,0,61.26,0,0,0.62,0,0,0,1,1,1,0,0,1,1,1,0,0,0.13333333333333333
202,0,53.57,0,1,-0.8,1,0,0,0,1,1,0,0,1,0,0,1,1,0.13333333333333333
202,1,30.52,0,1,-0.13,0,0,0,1,1,1,1,0,1,0,1,0,0,0.13333333333333333
202,0,51.04,0,0,0.94,0,0,0,1,1,1,0,0,0,1,1,0,0,0.13333333333333333
203,1,31.99,0,1,-0.49,1,0,1,0,0,0,0,1,0,0,0,1,0,0.4
203,1,47.92,0,1,0.29,0,0,0,1,1,1,0,1,1,0,0,0,1,0.4
203,1,48.53,1,0,-0.07,1,0,0,1,1,1,1,0,1,0,1,0,1,0.4
203,1,47.87,1,1,-0.49,1,0,0,0,1,1,0,0,1,0,0,0,0,0.4
203,1,54.36,0,1,0.06,1,0,0,1,1,1,0,1,0,1,1,1,0,0.4
203,0,61.6,1,1,0.05,0,0,1,0,0,0,0,0,0,0,0,0,0,0.4
203,1,63.63,0,0,-0.79,0,0,0,0,1,1,0,0,0,0,0,0,0,0.4
203,1,55.93,0,0,-0.33,1,0,0,0,1,1,0,1,1,0,0,0,1,0.4
203,0,36.29,0,0,0.24,1,0,0,0,1,1,0,1,1,1,1,0,0,0.4
203,0,49.88,0,0,0.02,0,0,0,1,1,1,0,0,1,1,0,1,0,0.4
203,0,47,0,0,0.71,0,0,0,0,1,1,0,0,1,1,0,0,0,0.4
203,1,51.54,1,1,-0.28,1,0,0,1,1,1,0,1,0,0,0,1,0,0.4
203,0,51.79,1,1,-1.28,1,0,0,1,1,1,0,1,0,0,0,1,1,0.4
203,1,47.85,1,1,-0.68,1,0,0,1,1,1,0,1,1,0,0,0,0,0.4
203,1,34.6,0,1,-1.01,1,0,0,0,1,1,0,0,1,0,0,1,1,0.4
203,0,33.2,0,1,-0.7,0,0,0,0,1,1,1,1,1,0,0,0,1,0.4
204,0,37.7,0,1,-0.68,0,0,0,0,1,1,0,1,1,0,0,0,1,0.13333333333333333
204,1,52.09,0,0,-0.15,1,0,0,1,1,1,0,0,0,0,1,0,0,0.13333333333333333
204,0,39.35,1,1,0.11,0,0,0,0,1,1,0,0,1,1,0,1,1,0.13333333333333333
204,1,67.65,0,1,0.3,1,0,0,1,1,1,0,0,0,0,1,0,0,0.13333333333333333
204,0,54.39,1,1,0.16,0,0,0,1,1,1,0,1,1,0,1,0,1,0.13333333333333333
204,1,55.64,0,0,0.18,1,0,0,1,1,1,0,0,1,0,1,0,0,0.13333333333333333
204,0,28.47,0,1,-0.27,0,0,0,1,1,1,1,1,1,0,0,0,0,0.13333333333333333
204,1,65.9,0,0,-0.49,0,0,0,0,1,1,1,0,1,0,0,1,0,0.13333333333333333
204,1,54.36,1,1,-0.35,0,0,0,0,1,1,0,0,1,1,0,1,0,0.13333333333333333
204,1,33.79,0,0,-0.27,0,0,0,1,1,1,0,1,0,0,0,0,0,0.13333333333333333
204,0,52.73,0,0,0.39,0,0,0,1,1,1,0,1,1,0,1,0,0,0.13333333333333333
204,0,60.89,0,1,-0.75,0,0,0,0,1,1,0,1,1,0,1,0,1,0.13333333333333333
205,1,58.73,0,0,-0.08,0,0,0,1,1,1,0,1,1,0,0,0,0,0.6
205,0,57.24,1,1,0.13,1,0,0,0,1,1,0,0,0,0,1,0,1,0.6
205,0,54.39,0,0,0.75,1,0,0,0,1,1,0,1,1,1,1,0,0,0.6
205,1,51.31,1,0,0.58,1,0,0,0,1,1,0,1,1,1,1,1,1,0.6
205,0,49.6,0,0,-0.48,0,0,0,0,1,1,0,0,1,1,1,0,1,0.6
205,1,57.14,1,1,0.69,1,0,0,0,1,1,0,1,1,1,1,0,1,0.6
205,1,57.68,1,0,0.87,1,0,0,0,1,1,0,1,1,1,1,0,0,0.6
205,1,62.45,0,0,0.78,0,0,0,1,1,0,0,1,1,1,1,0,1,0.6
205,1,47.16,0,1,1.04,1,0,0,0,1,1,0,1,0,1,1,0,1,0.6
205,1,58.28,1,0,0.83,0,0,0,1,1,1,1,1,1,1,1,0,1,0.6
205,1,59.13,1,1,0.49,0,0,0,0,1,1,0,1,0,1,1,0,1,0.6
205,1,52.66,0,0,1.05,1,0,0,0,1,1,0,1,1,1,1,0,1,0.6
205,0,44.29,0,1,-0.41,0,0,0,0,1,1,0,0,0,1,0,1,1,0.6
205,0,54.85,1,0,0.45,1,0,0,1,1,1,1,0,1,1,1,0,1,0.6
205,1,68.96,1,1,0.21,0,0,0,1,1,1,0,0,0,0,1,1,1,0.6
205,1,56.2,0,1,0.41,1,0,0,0,1,1,0,1,0,0,1,0,0,0.6
205,0,45.65,0,1,1.11,0,0,0,0,1,1,0,0,1,1,1,0,1,0.6
205,1,53.37,0,1,1.06,1,0,0,1,1,1,0,1,1,1,1,0,1,0.6
205,0,63.42,1,1,-0.59,0,0,0,1,1,1,0,0,0,0,0,0,1,0.6
206,1,70.19,1,1,1.54,1,0,0,1,1,1,0,1,1,1,1,0,1,0.06666666666666667
206,1,43.85,0,0,0.13,1,0,0,0,1,1,0,1,0,0,1,1,1,0.06666666666666667
206,0,46.35,1,1,0.33,1,0,0,1,1,1,0,0,1,0,0,1,1,0.06666666666666667
206,1,46.4,0,0,0.24,0,0,0,1,1,1,0,0,1,0,1,0,0,0.06666666666666667
206,1,53.27,1,1,1.08,1,0,0,1,1,1,0,1,1,1,1,0,1,0.06666666666666667
206,0,51.97,1,1,0.7,1,0,1,0,1,1,0,1,1,1,1,0,1,0.06666666666666667
206,1,62.26,0,1,0.78,0,0,0,1,1,1,0,1,0,1,1,0,0,0.06666666666666667
206,1,51.74,1,1,0.89,1,0,0,1,1,1,1,1,1,1,1,0,0,0.06666666666666667
206,0,57.53,0,1,-0.16,0,0,1,0,1,1,0,1,0,0,0,0,1,0.06666666666666667
206,0,46.26,1,1,-0.19,1,0,0,0,1,1,0,1,1,0,0,1,1,0.06666666666666667
206,0,42.23,1,1,0.6,0,0,0,1,1,1,1,1,0,0,1,1,1,0.06666666666666667
207,1,59.51,0,1,0.25,0,0,0,1,1,1,0,1,0,1,1,0,1,0.5333333333333333
207,1,74.97,1,1,1.48,0,0,0,1,1,1,0,1,1,1,1,1,1,0.5333333333333333
207,1,56.26,0,0,0.89,0,0,0,1,1,1,1,1,1,1,1,0,0,0.5333333333333333
207,0,50.81,1,0,0.85,0,0,0,1,1,1,0,1,1,1,1,0,1,0.5333333333333333
207,0,58.43,0,0,0.48,1,0,0,1,1,1,0,1,1,1,1,0,0,0.5333333333333333
207,1,65.54,0,1,0.61,0,0,0,1,1,1,0,0,0,0,1,0,1,0.5333333333333333
207,1,41.96,0,0,0.43,1,0,1,0,0,0,0,0,0,0,1,0,0,0.5333333333333333
207,1,63.93,1,1,0.88,0,0,0,1,1,1,0,1,1,1,1,0,0,0.5333333333333333
207,0,61.33,0,1,1.16,0,0,0,0,1,0,0,0,1,1,0,0,0,0.5333333333333333
207,1,54.14,1,1,-1.41,0,0,0,1,1,1,0,1,1,0,0,0,0,0.5333333333333333
207,0,44.41,0,0,-0.4,0,0,0,0,1,1,0,0,1,0,0,0,0,0.5333333333333333
207,0,42.24,1,1,0.35,0,0,0,0,1,1,1,0,0,1,0,0,0,0.5333333333333333
207,0,54.28,0,1,-0.31,0,0,0,1,1,1,0,0,1,0,0,0,0,0.5333333333333333
207,1,61.13,1,1,0.44,1,0,0,0,1,0,0,0,1,0,1,0,0,0.5333333333333333
207,0,58.58,0,1,-0.51,1,0,1,0,0,0,0,1,1,0,0,0,1,0.5333333333333333
207,0,34.11,0,0,0.65,0,1,0,0,0,0,0,1,1,1,1,0,1,0.5333333333333333
207,1,61.35,1,1,0.82,1,1,0,0,1,1,0,1,1,1,1,0,0,0.5333333333333333
207,1,41.57,0,1,0.55,1,0,0,1,1,1,0,1,1,0,1,1,1,0.5333333333333333
208,0,40.85,1,0,-0.05,1,0,0,1,1,1,0,0,0,0,1,0,0,0.4666666666666667
208,0,54.46,0,1,-0.34,0,0,0,0,1,1,0,1,0,0,0,0,0,0.4666666666666667
208,0,42.38,1,0,0.54,1,0,0,0,1,1,0,0,1,1,1,0,0,0.4666666666666667
208,0,50.75,0,1,-0.24,1,0,0,1,1,0,0,1,1,0,1,0,1,0.4666666666666667
208,1,40.33,1,1,0.8,1,0,0,0,1,1,0,1,1,1,1,0,0,0.4666666666666667
208,0,51.82,0,0,0.82,0,0,1,0,1,1,0,1,1,1,1,0,1,0.4666666666666667
208,1,27.04,0,1,-0.79,1,0,0,0,1,1,1,0,0,0,0,1,0,0.4666666666666667
208,1,60.11,1,1,0.47,0,0,0,1,1,1,0,1,1,0,1,1,0,0.4666666666666667
208,0,42.09,0,0,0.67,0,0,0,0,1,1,0,1,1,1,0,0,1,0.4666666666666667
208,0,60.85,1,1,0.96,1,0,1,0,1,1,0,1,1,1,1,0,1,0.4666666666666667
208,1,67.85,0,0,0.83,0,0,0,1,1,1,0,1,1,1,1,0,1,0.4666666666666667
208,0,43.67,0,1,0.37,0,0,0,0,1,1,0,1,1,0,1,0,1,0.4666666666666667
208,0,66.62,1,1,1.33,1,0,0,0,1,1,0,0,0,1,1,0,0,0.4666666666666667
208,0,44,0,0,-0.09,1,0,0,1,1,1,1,0,0,0,1,0,0,0.4666666666666667
208,1,69.21,1,1,0.98,0,0,0,1,1,1,0,1,0,1,1,0,0,0.4666666666666667
208,1,51.81,1,1,-0.1,1,0,0,0,1,1,0,0,0,1,0,1,0,0.4666666666666667
208,1,58.8,0,1,0.46,1,0,0,0,1,1,0,1,1,1,1,0,1,0.4666666666666667
236,0,66.13,1,1,-0.06,0,0,0,1,1,0,0,0,0,0,0,0,0,0.5333333333333333
236,0,48.54,1,0,-0.38,1,0,0,1,1,1,0,1,1,0,1,0,0,0.5333333333333333
236,0,64.97,0,0,-0.01,0,0,0,1,1,1,0,1,0,0,1,0,0,0.5333333333333333
236,1,45.54,0,1,0.45,1,0,0,1,1,0,0,1,0,1,1,0,0,0.5333333333333333
236,1,38.86,1,1,0.19,1,1,0,0,1,1,0,1,1,0,1,0,0,0.5333333333333333
236,1,55.22,0,0,0.74,1,0,0,1,1,1,0,1,1,0,1,0,0,0.5333333333333333
236,0,34.74,0,1,-0.79,1,1,0,0,1,1,0,1,0,0,0,0,1,0.5333333333333333
236,0,45.4,0,0,-1.03,0,0,0,1,1,1,0,1,1,0,0,0,1,0.5333333333333333
236,1,38.19,0,1,-0.69,1,0,1,0,1,1,0,1,1,0,0,0,0,0.5333333333333333
236,1,60.64,1,1,-0.24,1,0,0,1,1,1,0,0,0,0,0,0,1,0.5333333333333333
236,1,47.44,0,0,-1.63,0,0,0,1,1,1,0,0,1,0,0,1,0,0.5333333333333333
236,1,63.31,1,1,1.15,1,0,0,1,1,1,0,1,1,1,1,0,1,0.5333333333333333
236,0,45.31,0,0,-0.15,1,0,0,1,1,1,0,1,1,0,1,0,0,0.5333333333333333
236,0,51.97,0,1,0.41,0,0,0,1,1,1,0,1,1,0,1,0,0,0.5333333333333333
236,1,56.95,1,1,-0.37,1,0,0,1,1,1,0,1,1,0,0,1,0,0.5333333333333333
236,1,45.92,0,0,0.04,1,0,0,1,1,1,0,1,0,0,0,0,1,0.5333333333333333
236,0,50.79,0,0,0.48,0,0,0,1,1,1,0,0,0,0,1,0,1,0.5333333333333333
236,1,61.68,1,1,-0.08,0,0,0,1,1,1,0,0,0,0,0,0,1,0.5333333333333333
237,1,45.64,0,0,0.17,1,0,0,0,1,1,0,0,0,1,1,1,0,0.4
237,1,46.57,1,0,-0.31,1,0,0,1,1,1,0,0,0,0,0,1,0,0.4
237,1,55.47,1,1,-1.46,1,0,0,1,1,1,0,0,1,0,0,0,0,0.4
237,0,41.57,0,0,-1.3,0,0,0,1,1,1,0,1,0,0,0,0,0,0.4
237,0,39.59,0,1,-0.05,1,0,0,1,1,1,0,1,1,0,1,1,1,0.4
237,1,48,1,1,0.21,1,0,0,1,1,1,0,1,1,0,0,0,0,0.4
237,0,50.43,1,1,-1.54,0,0,0,1,1,1,0,0,0,0,0,0,0,0.4
237,0,40.34,0,1,-0.16,0,0,0,1,1,1,0,1,1,0,1,0,1,0.4
237,1,47.52,1,1,0.59,1,0,0,1,1,1,0,1,1,1,1,0,0,0.4
237,0,45.7,1,1,0.56,0,0,1,0,1,1,0,0,1,0,1,0,1,0.4
237,1,32.75,1,0,-0.51,1,0,0,1,1,1,1,1,0,0,1,0,0,0.4
237,1,44.93,0,0,-1.03,0,0,0,1,1,1,0,1,1,0,0,0,1,0.4
237,0,62.74,1,1,-0.84,1,0,0,1,1,1,0,1,0,0,0,0,0,0.4
237,0,52.56,1,1,0.46,1,0,0,1,1,1,0,1,1,1,1,0,1,0.4
237,1,33.23,0,1,-0.59,1,0,0,1,1,1,0,1,0,0,0,0,0,0.4
237,1,53.48,1,1,-0.94,1,1,0,0,1,1,0,1,0,0,0,0,0,0.4
238,1,49.98,1,1,-0.06,1,0,0,0,1,1,0,0,1,0,1,0,0,0.26666666666666666
238,0,39.67,1,1,-0.32,1,0,0,0,1,1,0,0,1,1,0,1,0,0.26666666666666666
238,1,34.71,1,1,-1.4,1,0,0,0,1,1,0,0,1,0,0,1,1,0.26666666666666666
238,0,37.42,0,1,-1.35,1,0,0,0,1,1,0,0,0,0,0,0,0,0.26666666666666666
238,1,37.63,1,1,-0.67,0,0,0,0,1,1,1,0,0,0,0,1,0,0.26666666666666666
238,1,40.19,1,1,-0.57,0,0,0,0,1,1,0,0,1,0,0,0,1,0.26666666666666666
238,1,35.21,0,0,-0.35,0,0,0,0,1,1,0,0,1,0,0,1,0,0.26666666666666666
238,0,32.15,0,1,0.44,0,0,0,0,1,1,0,1,1,1,1,1,0,0.26666666666666666
238,0,34.56,0,0,-0.37,0,0,0,0,1,1,0,0,1,0,0,1,0,0.26666666666666666
238,1,39.22,0,0,-0.6,0,0,0,0,1,1,0,0,0,1,0,0,0,0.26666666666666666
238,1,39.53,1,1,-0.39,1,0,0,0,1,1,0,1,1,0,0,1,0,0.26666666666666666
238,1,31.27,1,1,-1.34,0,0,0,0,1,1,1,1,1,0,0,1,0,0.26666666666666666
238,0,37.81,0,1,-0.9,1,0,0,0,1,1,0,0,0,0,0,0,1,0.26666666666666666
238,1,39.34,0,1,-0.29,1,0,0,0,1,1,0,0,0,0,0,1,1,0.26666666666666666
239,0,36.73,1,1,-1.04,1,0,0,0,1,1,0,1,0,0,0,1,0,0.26666666666666666
239,1,51.11,1,0,-0.03,1,0,0,1,1,1,0,0,1,0,0,0,0,0.26666666666666666
239,1,43.12,0,0,-0.42,0,0,0,1,1,1,0,1,1,0,0,0,0,0.26666666666666666
239,0,35.55,0,1,-0.87,0,1,0,0,0,0,0,1,0,0,1,0,1,0.26666666666666666
239,1,57.93,1,0,-0.42,0,0,0,1,1,1,0,1,1,0,0,1,0,0.26666666666666666
239,1,40.24,1,1,-1.19,1,0,0,0,1,1,0,0,0,0,0,1,0,0.26666666666666666
239,1,38.74,0,0,-1.23,1,0,0,1,1,1,1,1,0,0,0,0,0,0.26666666666666666
239,0,41.91,1,1,-0.5,1,0,0,0,1,1,0,1,1,0,0,0,1,0.26666666666666666
239,1,47.02,1,1,-0.9,1,0,0,1,1,1,0,1,1,0,0,1,0,0.26666666666666666
239,1,49.37,1,1,0.03,1,0,0,1,1,1,0,0,0,0,0,0,0,0.26666666666666666
239,1,47.9,0,1,-0.21,1,0,0,0,1,1,1,0,1,0,0,0,1,0.26666666666666666
239,1,33.28,0,1,-0.02,0,0,0,0,1,1,1,0,0,0,1,1,1,0.26666666666666666
239,0,33.39,0,1,0.48,1,0,0,1,1,1,1,0,1,0,0,0,0,0.26666666666666666
239,0,46.17,1,1,-0.51,1,0,0,1,1,1,0,1,1,0,0,0,0,0.26666666666666666
242,0,41.76,1,1,0.23,1,0,0,1,1,1,0,0,0,0,0,0,0,0.13333333333333333
242,1,56.76,0,1,1.06,0,0,0,1,1,1,0,1,1,1,1,0,1,0.13333333333333333
242,1,72.36,0,0,0.51,0,0,0,1,1,1,0,0,0,1,1,0,1,0.13333333333333333
242,0,42.2,0,0,-0.15,0,0,0,1,1,1,0,0,0,0,0,1,1,0.13333333333333333
242,1,46.6,0,1,0.01,1,0,0,1,1,1,0,0,1,0,1,0,1,0.13333333333333333
242,1,50.21,0,0,0.2,1,0,0,1,1,1,1,1,1,0,1,0,0,0.13333333333333333
242,0,63.41,0,0,0.45,0,0,0,1,1,1,0,1,1,1,1,0,0,0.13333333333333333
242,1,60.74,1,1,0.7,1,0,0,1,1,1,0,1,1,1,0,0,0,0.13333333333333333
242,1,51.99,1,1,-0.77,1,0,0,1,1,1,0,0,0,0,1,0,0,0.13333333333333333
242,1,61,0,0,0.36,0,0,1,0,1,1,0,0,0,1,0,0,0,0.13333333333333333
242,0,45.32,1,0,-0.17,1,0,1,0,1,1,0,1,1,0,1,0,0,0.13333333333333333
242,1,47.2,0,1,0.04,1,0,0,1,1,0,0,0,1,0,0,0,0,0.13333333333333333
244,0,30.38,0,1,0.34,0,0,1,0,1,1,0,0,1,1,1,0,0,0
244,1,43.7,0,1,-1.26,0,0,0,0,1,1,0,0,0,0,0,1,0,0
244,1,54.17,1,1,-0.63,0,0,0,1,1,1,0,1,1,0,0,0,0,0
244,1,38.03,0,0,-0.77,1,0,0,1,1,1,0,0,1,0,0,0,0,0
244,0,40.84,0,0,-1.41,1,0,0,1,1,1,0,0,1,0,0,0,0,0
244,1,46.31,0,0,-0.32,0,0,0,1,1,0,0,0,1,0,0,0,0,0
244,1,46.45,1,0,-0.56,1,0,0,1,1,1,0,1,1,0,0,0,0,0
244,0,43.07,0,1,-0.12,0,0,0,0,1,1,0,0,0,0,0,1,0,0
244,1,40.41,0,1,0.05,1,0,0,0,1,1,0,1,1,1,0,0,1,0
244,1,37.67,1,1,0,1,0,0,0,1,1,0,1,1,0,1,0,1,0
262,1,46.76,0,0,0.23,0,0,0,1,1,1,0,0,1,0,0,0,0,0.13333333333333333
262,1,42.29,1,1,0.01,1,0,0,0,1,1,0,1,1,0,1,0,0,0.13333333333333333
262,1,38.94,1,1,-0.9,1,0,0,0,1,1,0,1,1,0,0,1,0,0.13333333333333333
262,1,61.15,1,0,0.25,1,1,0,0,1,1,0,1,0,1,1,0,1,0.13333333333333333
262,0,52.76,0,0,-0.4,0,0,0,1,1,1,0,1,1,0,1,0,0,0.13333333333333333
262,0,51.67,1,0,-0.15,1,0,0,1,1,1,0,1,1,0,1,0,1,0.13333333333333333
262,0,56.04,0,0,-0.93,0,0,0,1,1,1,0,0,1,0,0,0,0,0.13333333333333333
262,0,44.38,1,1,0.23,1,0,0,1,1,1,0,1,1,0,0,0,1,0.13333333333333333
262,1,45.16,0,0,-0.84,1,0,0,1,1,1,0,1,1,0,0,1,1,0.13333333333333333
262,1,48.05,0,0,1.31,1,0,0,1,1,1,0,1,1,1,1,0,1,0.13333333333333333
262,0,50.28,0,0,0.4,0,0,0,1,1,1,0,0,0,0,1,0,0,0.13333333333333333
262,1,40.5,0,1,-0.21,0,0,0,0,1,1,0,1,0,0,0,1,1,0.13333333333333333
263,0,63.44,0,1,-0.51,1,0,0,1,1,1,0,1,1,0,0,1,0,0.26666666666666666
263,1,47.6,1,1,0.96,1,0,0,1,1,1,0,1,1,1,1,0,0,0.26666666666666666
263,1,24.31,1,0,-0.82,1,1,0,0,0,1,1,0,0,0,1,1,0,0.26666666666666666
263,1,48.48,1,0,-0.07,1,0,0,1,1,1,0,0,1,0,1,0,0,0.26666666666666666
263,0,46,0,0,-0.43,1,0,0,1,1,1,0,1,0,0,0,0,0,0.26666666666666666
263,1,50.05,1,1,0.09,0,0,0,1,1,1,0,1,1,0,0,0,0,0.26666666666666666
263,1,40.97,0,0,-0.16,1,0,0,1,1,1,0,1,1,0,1,0,0,0.26666666666666666
263,0,56.45,1,0,0.74,0,0,0,1,1,1,0,0,0,1,1,0,0,0.26666666666666666
263,0,49.08,0,0,-0.33,0,0,0,1,1,1,0,0,0,0,0,0,0,0.26666666666666666
263,0,45.6,0,0,-0.39,1,0,0,1,1,1,0,1,1,0,0,0,1,0.26666666666666666
263,1,55.75,1,0,0.25,1,0,0,1,1,1,0,0,1,0,1,0,1,0.26666666666666666
263,1,43.03,1,0,-0.18,1,0,0,1,1,0,0,0,0,0,0,1,0,0.26666666666666666
263,1,48.51,0,0,0.09,0,0,0,1,1,1,0,1,1,0,1,0,0,0.26666666666666666
263,1,56.33,0,1,0.57,1,0,0,1,1,1,0,1,1,0,1,0,0,0.26666666666666666
264,0,56.33,1,0,-1.23,0,0,1,0,1,1,0,1,0,0,0,0,0,0.26666666666666666
264,0,45.61,0,0,-0.25,0,0,0,1,1,1,0,1,1,0,1,0,0,0.26666666666666666
264,0,52.07,0,0,-0.84,1,0,0,1,1,1,0,1,1,0,0,0,1,0.26666666666666666
264,0,44.51,0,1,-0.79,1,0,0,1,1,1,0,0,1,0,1,0,0,0.26666666666666666
264,0,43,0,0,-0.31,1,0,0,1,1,1,0,1,1,0,1,0,0,0.26666666666666666
264,1,59.29,0,1,0.17,1,0,0,1,1,1,0,1,1,0,0,0,1,0.26666666666666666
264,1,53.48,0,0,-1.01,0,0,0,1,1,1,0,1,0,0,0,0,0,0.26666666666666666
264,0,48.56,1,0,-0.73,0,0,0,1,1,1,0,1,1,0,0,0,1,0.26666666666666666
264,1,44.23,1,1,-1.53,0,0,0,0,1,1,0,0,0,0,0,0,1,0.26666666666666666
264,1,54.04,0,1,0.3,1,0,0,1,1,1,0,1,1,1,1,0,1,0.26666666666666666
264,0,56.46,0,0,0.7,0,0,0,1,1,1,0,1,1,1,1,0,0,0.26666666666666666
264,0,51.55,0,1,-0.03,0,1,0,0,1,1,0,1,0,0,0,0,1,0.26666666666666666
264,1,44.74,0,1,-0.56,1,0,0,1,1,1,0,0,1,0,0,0,0,0.26666666666666666
264,1,62.84,1,1,0.29,1,0,0,1,1,1,0,0,0,0,0,0,1,0.26666666666666666
265,0,46.85,0,1,-0.68,1,0,0,1,1,1,0,1,1,0,1,0,1,0.06666666666666667
265,1,46.77,0,0,0.66,1,0,0,1,1,1,0,1,1,1,1,1,1,0.06666666666666667
265,0,42.01,0,0,-0.72,0,0,0,1,1,1,1,1,1,0,1,0,0,0.06666666666666667
265,1,46.79,0,0,-0.35,0,0,0,1,1,1,0,1,1,0,1,0,0,0.06666666666666667
265,0,54.03,0,0,0.56,0,0,0,1,1,1,0,0,0,0,1,0,1,0.06666666666666667
265,0,48.41,0,1,-0.78,0,0,0,1,1,1,0,0,1,0,1,0,0,0.06666666666666667
265,1,73.14,0,1,0.18,0,0,0,1,1,1,0,0,0,0,1,0,0,0.06666666666666667
265,0,48.34,1,1,0.14,1,0,0,1,1,1,0,0,1,1,0,0,0,0.06666666666666667
265,0,58.1,0,1,-0.49,0,0,0,1,1,1,0,0,0,0,1,0,0,0.06666666666666667
265,0,48.82,1,1,0.36,0,0,0,1,1,1,0,1,1,0,1,0,1,0.06666666666666667
265,0,48.4,0,0,0.52,1,0,0,1,1,1,0,1,0,0,0,0,0,0.06666666666666667
266,1,42.56,0,0,-0.59,1,0,0,1,1,1,0,1,1,0,1,0,0,0.13333333333333333
266,1,52.21,1,1,-0.7,0,0,0,1,1,1,0,1,1,0,1,0,0,0.13333333333333333
266,0,31.33,0,0,-0.2,0,0,0,1,1,1,0,1,1,0,1,0,0,0.13333333333333333
266,1,50.26,0,1,-0.99,1,0,0,1,1,1,0,0,1,0,0,1,1,0.13333333333333333
266,1,31.62,0,0,-0.09,0,0,0,1,1,1,1,0,0,0,1,1,1,0.13333333333333333
266,1,39.12,1,1,-0.49,1,0,0,1,1,1,0,1,1,0,0,0,0,0.13333333333333333
266,0,44.08,0,1,-0.73,0,0,0,1,1,1,0,1,1,0,0,0,0,0.13333333333333333
266,0,52.78,1,1,-0.93,1,0,0,1,1,1,0,1,0,0,0,1,0,0.13333333333333333
266,1,37.64,0,1,-0.43,0,0,1,0,1,1,0,0,0,0,0,1,0,0.13333333333333333
266,1,32.87,0,0,-0.76,1,0,0,1,1,1,0,1,1,0,0,1,1,0.13333333333333333
266,1,36.74,0,0,-0.58,0,0,0,0,1,1,0,0,1,0,0,0,0,0.13333333333333333
266,1,48.56,0,1,0.41,0,0,0,1,1,1,0,1,1,1,1,0,1,0.13333333333333333
268,1,62.76,1,1,0.21,0,0,1,0,1,1,0,0,1,0,1,0,0,0.6
268,1,48.6,0,0,-0.07,0,0,0,1,1,1,1,0,1,0,1,0,1,0.6
268,0,50,1,0,0.92,0,0,0,1,1,1,0,1,1,1,1,0,1,0.6
268,0,60.49,0,1,0.56,0,0,0,1,1,1,0,0,0,0,1,0,0,0.6
268,1,53.96,1,1,-0.85,1,0,0,1,1,1,0,1,0,0,1,1,0,0.6
268,1,50.5,1,0,-0.33,1,0,0,1,1,1,0,0,1,0,0,0,0,0.6
268,0,39.56,0,0,0.3,0,0,0,1,1,1,0,1,0,1,1,0,0,0.6
268,1,55.19,1,1,-0.3,1,0,0,1,1,1,0,0,0,0,1,0,1,0.6
268,1,63.11,0,1,-0.47,1,0,0,1,1,1,0,1,1,0,0,0,0,0.6
268,0,48.06,0,0,-0.04,0,0,0,1,1,1,0,0,1,1,0,1,0,0.6
268,1,55.38,0,0,0.01,0,0,0,1,1,1,0,0,0,0,1,0,0,0.6
268,1,38.63,1,0,-0.13,1,0,0,1,1,1,0,1,1,0,0,1,0,0.6
268,1,52.65,1,1,-0.61,1,0,0,1,1,1,0,1,0,0,1,0,0,0.6
268,1,54.99,1,1,-0.68,1,0,0,1,1,1,0,0,1,0,0,0,0,0.6
268,1,60.32,1,1,0.11,0,0,0,1,1,1,1,0,1,0,1,0,0,0.6
268,1,63.73,1,1,0.27,0,0,0,1,1,1,0,1,0,0,0,0,0,0.6
268,1,34.4,0,0,-0.4,1,0,0,1,1,1,0,1,0,0,1,1,0,0.6
268,1,42.1,0,0,0.01,1,0,1,0,1,1,0,1,1,0,0,0,1,0.6
268,1,56.1,0,1,0.24,1,0,0,1,1,0,0,0,1,1,0,0,0,0.6
295,1,57.48,1,0,-0.17,1,0,0,1,1,1,0,1,0,0,0,0,0,0.6666666666666666
295,0,52.18,0,0,-0.69,0,0,0,1,1,1,0,1,1,0,0,0,1,0.6666666666666666
295,0,64.36,1,1,-0.47,0,0,0,1,1,1,0,1,1,0,0,0,0,0.6666666666666666
295,1,49.49,0,0,0.16,1,0,0,1,1,1,0,1,1,1,0,0,1,0.6666666666666666
295,1,50.37,1,0,0.13,1,0,0,1,1,1,0,1,1,0,1,0,1,0.6666666666666666
295,1,53.99,0,1,-0.52,1,0,0,1,1,1,1,1,1,0,0,0,1,0.6666666666666666
295,1,56.35,1,1,-0.11,0,0,0,1,1,1,0,1,1,1,0,0,0,0.6666666666666666
295,1,65.06,0,0,-0.08,1,0,0,1,1,1,0,0,1,0,0,0,0,0.6666666666666666
295,1,60.84,0,0,-0.18,1,0,1,0,1,1,0,1,1,0,0,0,0,0.6666666666666666
295,1,54.1,1,1,0.76,1,0,0,1,1,1,0,1,1,1,1,0,1,0.6666666666666666
295,1,55.49,1,0,-0.27,0,0,0,1,1,1,0,1,1,0,1,0,0,0.6666666666666666
295,1,59.9,1,1,-0.33,1,0,0,1,1,1,0,1,1,0,0,0,1,0.6666666666666666
295,0,55.88,0,0,-0.46,0,0,0,1,1,1,0,1,1,0,0,0,1,0.6666666666666666
295,1,64.23,1,1,-0.41,1,0,0,1,1,1,0,1,1,0,0,0,1,0.6666666666666666
295,1,62.15,1,1,0.66,1,0,0,1,1,1,0,1,1,1,0,0,1,0.6666666666666666
295,1,47.85,1,1,-0.3,1,0,0,1,1,1,0,1,1,0,0,0,0,0.6666666666666666
295,1,50.64,0,0,0.29,1,0,0,1,1,1,0,1,1,0,0,0,0,0.6666666666666666
295,1,57.56,0,1,-0.49,1,0,0,1,1,1,0,1,0,0,0,0,1,0.6666666666666666
295,0,43.24,1,0,-0.2,1,0,0,1,1,1,0,1,0,0,0,0,0,0.6666666666666666
295,1,54.21,0,0,-0.12,1,0,0,1,1,1,0,1,1,0,0,0,1,0.6666666666666666
296,1,56.73,1,0,-0.18,0,0,0,1,1,1,0,1,0,0,0,0,0,0.13333333333333333
296,0,30.37,0,0,0,1,1,0,0,1,1,0,0,0,0,0,0,1,0.13333333333333333
296,1,60.94,1,1,-0.52,1,0,0,1,1,1,0,0,1,0,0,0,0,0.13333333333333333
296,0,65.26,1,1,0.49,1,0,0,1,1,1,0,0,1,0,1,0,1,0.13333333333333333
296,1,62.84,1,1,0.86,0,0,0,1,1,1,0,0,1,1,1,0,1,0.13333333333333333
296,0,51.12,0,0,-0.61,0,1,0,0,1,1,0,1,0,0,0,0,0,0.13333333333333333
296,1,50.31,1,1,0.4,1,0,0,1,1,1,0,1,1,1,1,0,0,0.13333333333333333
296,1,48.54,0,1,-0.32,1,1,0,0,1,1,0,1,1,0,1,0,1,0.13333333333333333
296,1,41.49,0,0,0.62,0,0,0,1,1,1,0,0,0,1,1,0,1,0.13333333333333333
296,0,52.95,1,0,-0.26,1,0,0,1,1,1,0,0,1,0,0,0,1,0.13333333333333333
296,0,28.51,0,1,0.55,0,0,0,1,0,1,1,1,1,1,1,0,0,0.13333333333333333
296,0,41.86,1,0,0.54,1,0,0,1,1,1,0,0,1,1,1,0,1,0.13333333333333333
297,0,57.89,0,0,0.38,0,0,0,1,1,1,0,1,1,1,1,0,1,0.4
297,1,43.42,0,1,-0.88,1,0,0,1,1,1,0,1,1,0,0,0,0,0.4
297,1,51,0,1,-0.49,1,0,0,1,1,1,0,0,0,0,0,0,0,0.4
297,0,63.85,0,1,-0.12,1,0,0,1,1,1,0,1,0,1,0,0,1,0.4
297,1,55.82,0,0,-0.11,1,0,0,1,1,1,0,1,0,1,1,0,0,0.4
297,0,59.35,0,1,0.04,1,0,0,1,1,1,0,1,0,0,1,0,1,0.4
297,1,42.71,1,0,-0.66,1,0,0,1,1,1,0,1,1,0,0,0,0,0.4
297,1,49.85,0,1,-0.49,1,0,0,1,1,1,0,1,0,0,0,0,0,0.4
297,0,32.91,0,0,-0.23,1,0,0,1,1,1,1,1,1,0,0,0,1,0.4
297,0,53.07,0,0,0.37,0,0,0,1,1,1,0,1,1,1,0,0,0,0.4
297,0,59.03,0,1,-0.69,1,0,0,1,1,1,0,1,1,0,0,0,1,0.4
297,1,64.91,0,0,1.04,0,0,0,1,1,1,0,1,0,1,1,0,0,0.4
297,1,53.76,1,1,1.04,0,0,0,1,1,1,0,1,0,1,1,0,0,0.4
297,1,50.91,0,0,0.17,0,0,0,1,1,1,0,1,0,1,0,0,0,0.4
297,1,39.1,0,0,-0.01,1,0,0,1,1,1,0,1,1,1,1,0,0,0.4
297,0,48.95,0,1,0.29,0,0,0,1,1,1,0,1,0,0,1,0,0,0.4
313,0,51.97,0,1,0.25,0,0,0,1,1,1,0,0,1,1,1,0,1,0.4
313,0,33.71,1,1,1.03,0,1,0,0,1,1,0,1,1,1,1,0,0,0.4
313,1,56.78,1,1,0.79,1,0,0,1,1,1,0,1,0,1,0,0,0,0.4
313,1,67.45,1,1,0.31,1,0,0,1,1,1,0,1,1,0,1,0,1,0.4
313,1,62.38,1,1,0.02,0,0,1,0,0,0,0,1,0,0,0,0,0,0.4
313,1,50.21,0,1,0.89,1,0,1,0,1,0,0,1,0,1,1,0,1,0.4
313,0,51.87,0,0,0.12,0,0,0,1,1,1,0,0,0,0,1,0,0,0.4
313,0,35.69,0,0,0.25,1,0,1,0,1,1,0,0,1,0,1,1,0,0.4
313,0,61.49,0,1,0.27,0,0,0,1,1,1,0,1,0,0,0,0,1,0.4
313,1,57.51,1,1,1.05,1,0,0,1,1,1,0,1,0,1,1,0,0,0.4
313,0,56.43,0,1,0.99,0,0,0,1,1,1,0,0,1,1,1,0,1,0.4
313,1,65.07,1,1,0.29,0,0,0,1,1,1,0,1,1,0,1,0,1,0.4
313,0,52.46,0,1,0,0,0,0,1,1,1,0,1,1,0,0,0,1,0.4
313,0,44.21,0,1,0.16,0,0,0,0,1,0,0,0,0,1,0,0,0,0.4
313,0,66.9,0,1,-0.18,0,0,0,1,1,0,0,1,0,0,0,0,1,0.4
313,0,47.27,0,1,-0.18,0,0,0,1,1,1,0,1,0,1,0,0,1,0.4
314,1,62.56,0,1,0.63,0,0,1,0,1,1,0,1,1,1,1,0,0,0.26666666666666666
314,0,53.62,1,0,-0.07,0,0,1,0,1,1,0,0,1,1,0,1,1,0.26666666666666666
314,1,63.49,1,1,0.74,1,0,1,0,1,1,0,1,1,1,1,0,0,0.26666666666666666
314,1,35.67,0,0,0.37,0,0,1,0,1,1,0,1,1,0,1,0,1,0.26666666666666666
314,0,55.62,0,0,0.1,0,0,1,0,1,1,0,0,1,0,1,0,0,0.26666666666666666
314,1,42.53,0,0,0.64,1,0,1,0,1,1,0,0,1,1,1,1,0,0.26666666666666666
314,0,61.37,1,1,0.29,0,0,1,0,1,1,1,1,1,0,1,0,1,0.26666666666666666
314,1,50.18,0,1,-0.21,1,0,0,1,1,1,0,0,1,0,1,0,1,0.26666666666666666
314,0,51.91,0,0,-0.59,0,0,1,0,1,0,1,0,0,0,0,0,1,0.26666666666666666
314,0,63.39,1,1,0.38,0,0,1,0,1,1,0,1,1,0,1,0,1,0.26666666666666666
314,1,61.71,1,0,0.03,0,0,1,0,1,1,0,1,0,0,0,0,1,0.26666666666666666
314,0,50.31,0,0,0.67,0,0,1,0,0,0,0,1,1,1,0,0,1,0.26666666666666666
314,0,32.42,0,1,-0.94,0,0,1,0,1,1,0,0,1,0,0,1,0,0.26666666666666666
314,1,55.94,1,0,0.57,0,0,1,0,1,1,0,1,1,1,1,0,1,0.26666666666666666
315,1,47.71,0,0,0.44,1,0,0,1,1,1,0,1,1,0,0,1,0,0.5333333333333333
315,1,58.26,1,1,-0.12,1,0,0,1,1,1,0,1,1,0,0,0,0,0.5333333333333333
315,1,46.32,1,0,-0.53,1,0,0,1,1,1,0,1,1,0,0,1,0,0.5333333333333333
315,1,49.66,0,0,-0.35,1,0,0,1,1,1,0,1,0,0,0,1,1,0.5333333333333333
315,1,51.55,0,1,-0.5,0,0,0,1,1,1,0,1,0,0,1,0,1,0.5333333333333333
315,1,54.66,0,0,0.46,1,0,0,1,1,1,0,0,1,0,1,0,1,0.5333333333333333
315,1,48.35,0,0,0.67,1,0,0,1,1,1,0,1,0,1,0,0,1,0.5333333333333333
315,1,61.38,0,1,0.66,1,0,0,1,1,1,0,1,1,1,1,0,1,0.5333333333333333
315,0,66.91,1,1,0.12,1,0,0,1,1,1,0,0,1,0,0,0,1,0.5333333333333333
315,0,61.9,0,0,0.14,1,0,0,1,1,1,0,1,1,1,0,0,0,0.5333333333333333
315,0,60.49,0,0,-0.16,0,1,0,0,1,1,0,1,0,0,0,1,0,0.5333333333333333
315,1,58.18,1,0,-0.34,1,0,0,1,1,1,0,1,0,0,0,0,1,0.5333333333333333
315,0,55.01,1,0,-0.4,0,0,0,1,1,1,0,1,1,0,0,0,1,0.5333333333333333
315,0,39.06,0,0,-0.6,0,0,0,1,1,1,0,0,0,0,0,1,1,0.5333333333333333
315,0,38.15,0,1,-0.23,1,0,0,1,1,1,1,0,1,0,1,0,1,0.5333333333333333
315,0,62.65,1,1,-0.1,1,0,0,1,1,1,0,1,1,1,0,0,0,0.5333333333333333
315,1,69.78,0,0,0.79,0,0,0,1,1,1,0,0,1,1,0,0,1,0.5333333333333333
315,0,51.03,0,1,-0.15,1,0,0,1,1,1,0,0,0,0,0,0,1,0.5333333333333333
367,1,65.86,1,1,-0.35,0,0,0,1,1,1,0,0,1,0,1,0,1,0.2
367,0,59.24,0,1,-1.33,0,1,0,0,0,0,0,1,1,0,0,0,0,0.2
367,0,43.21,0,1,0.33,0,0,0,1,1,1,0,1,1,0,1,1,1,0.2
367,1,59.33,0,1,0.67,0,0,0,1,1,1,0,1,1,1,1,0,1,0.2
367,1,51.7,1,1,1.35,1,0,0,1,1,1,0,0,1,1,1,0,0,0.2
367,0,42.05,0,0,-1.24,1,1,0,0,0,0,0,0,0,0,0,0,0,0.2
367,0,49.19,1,0,0.49,1,0,0,1,1,1,0,1,1,0,1,0,1,0.2
367,0,50.65,1,0,0.31,0,0,0,1,1,1,0,1,1,0,1,1,0,0.2
367,1,58.51,1,1,-0.28,1,1,0,0,1,0,0,1,1,0,1,0,1,0.2
367,0,59.24,1,1,0.71,0,0,1,0,1,1,0,1,0,1,0,0,0,0.2
367,0,60.2,1,1,-0.83,0,1,0,0,0,0,0,0,1,0,1,1,0,0.2
367,0,34.91,0,0,-0.33,0,1,0,0,1,1,1,0,1,0,0,0,0,0.2
367,0,44.58,0,0,-0.42,0,1,0,0,1,1,0,0,0,0,0,1,0,0.2
371,1,62.07,1,1,-0.86,0,0,0,1,1,1,0,1,0,0,0,0,1,0.13333333333333333
371,1,34.77,0,1,-0.11,1,0,0,1,1,1,0,1,0,0,0,0,1,0.13333333333333333
371,0,56.52,1,1,-0.53,0,0,0,1,1,1,0,1,0,0,0,1,1,0.13333333333333333
371,1,40,0,1,-0.28,1,0,0,1,1,1,0,0,0,0,0,1,1,0.13333333333333333
371,1,42.39,0,0,0.37,1,1,0,0,1,1,0,1,0,0,0,0,1,0.13333333333333333
371,0,48.68,1,1,-0.8,1,0,0,1,1,1,0,0,1,0,1,0,0,0.13333333333333333
371,1,62.79,1,1,-0.44,0,0,0,1,1,0,0,0,1,0,0,0,1,0.13333333333333333
371,1,51.22,1,1,-0.56,0,1,0,0,0,0,0,1,0,0,0,0,0,0.13333333333333333
371,1,50.53,0,1,-0.04,1,0,0,1,1,1,0,0,0,0,0,0,1,0.13333333333333333
371,0,48.92,0,0,-0.28,1,0,0,1,1,1,0,1,1,0,0,0,1,0.13333333333333333
371,1,38.38,0,0,-1.16,0,1,0,0,1,1,1,0,1,1,1,0,1,0.13333333333333333
371,1,59.6,1,1,0.75,0,0,1,0,1,0,0,0,0,1,1,0,1,0.13333333333333333
393,0,49.11,1,1,-0.8,1,0,1,0,1,1,0,0,1,0,0,0,0,0.26666666666666666
393,1,50.91,0,1,-0.68,1,0,0,1,1,1,0,1,1,0,0,0,0,0.26666666666666666
393,0,46.31,1,1,-0.84,1,1,0,0,1,1,0,0,1,0,0,0,0,0.26666666666666666
393,1,57.59,1,1,0.66,0,0,0,1,1,1,0,1,1,1,0,0,0,0.26666666666666666
393,1,53.89,1,0,-0.5,1,0,0,1,1,1,0,1,1,0,0,0,1,0.26666666666666666
393,1,63.14,1,1,0.07,0,0,0,1,1,1,0,0,1,0,0,0,0,0.26666666666666666
393,1,61.57,1,1,-0.31,0,0,0,1,1,1,0,0,1,1,0,0,1,0.26666666666666666
393,1,55.21,0,0,0.12,0,0,0,1,1,1,0,1,0,0,0,0,0,0.26666666666666666
393,0,44.51,1,1,-0.2,1,0,0,1,1,1,0,1,0,0,0,0,1,0.26666666666666666
393,1,42.45,0,0,-0.53,1,1,0,0,1,0,0,0,1,0,0,0,0,0.26666666666666666
393,0,41.6,0,1,-0.28,0,0,0,1,1,1,0,1,1,0,0,0,1,0.26666666666666666
393,0,38.64,0,0,-0.49,0,0,0,1,1,1,0,0,0,0,1,0,1,0.26666666666666666
393,1,31.26,0,1,0.07,1,0,0,0,1,1,0,0,0,0,0,1,0,0.26666666666666666
393,0,30.86,0,0,-0.56,0,0,1,0,1,1,0,1,0,0,1,1,1,0.26666666666666666
394,1,27.21,0,1,-0.93,0,1,0,0,0,0,1,0,0,0,0,1,0,0.3333333333333333
394,1,48.18,1,1,0.16,1,0,0,1,1,1,0,0,0,0,0,0,1,0.3333333333333333
394,0,45.87,0,0,-0.4,1,0,0,1,1,1,0,0,0,0,0,0,0,0.3333333333333333
394,1,40.45,0,1,-0.02,0,0,1,0,0,0,0,1,1,1,0,1,0,0.3333333333333333
394,0,39.64,0,1,0.18,0,0,0,1,1,1,0,1,0,0,0,1,1,0.3333333333333333
394,1,45.47,1,1,1.31,1,0,0,1,1,1,1,1,1,1,1,0,1,0.3333333333333333
394,1,34.78,0,1,0.27,0,1,0,0,1,1,0,1,1,0,1,0,0,0.3333333333333333
394,1,51.46,1,1,0.91,0,0,0,1,1,1,1,1,1,1,1,0,0,0.3333333333333333
394,1,49.35,0,1,-0.9,0,0,0,1,0,1,0,0,0,0,0,0,0,0.3333333333333333
394,1,57.4,1,1,1.8,1,0,0,1,1,1,0,1,1,1,1,0,1,0.3333333333333333
394,0,48.36,1,1,-0.27,0,0,0,1,1,1,0,1,1,0,1,0,0,0.3333333333333333
394,1,31.31,0,1,0.49,0,0,0,1,1,1,0,0,0,0,1,0,0,0.3333333333333333
394,0,36.38,0,1,-0.68,0,0,0,1,1,1,0,1,1,0,0,0,0,0.3333333333333333
394,0,58.26,0,1,-0.16,1,0,0,1,1,1,0,0,1,0,1,0,0,0.3333333333333333
394,1,59.4,0,1,-0.07,0,0,0,1,1,1,0,0,1,0,1,1,1,0.3333333333333333
416,1,59.2,0,0,0.46,1,0,0,1,1,1,0,1,1,1,1,0,1,0.4
416,0,56.26,1,1,0.74,1,0,0,1,1,1,0,1,0,1,1,0,1,0.4
416,1,47.53,0,0,-1.16,0,1,0,0,0,0,0,1,0,0,0,1,0,0.4
416,1,68.08,1,0,0.68,0,0,0,1,1,1,0,1,1,0,1,0,1,0.4
416,1,65.68,1,1,1,1,0,1,0,0,0,0,1,1,1,1,0,0,0.4
416,1,70.15,0,0,1.3,0,0,0,1,1,1,0,1,0,1,1,0,1,0.4
416,1,49.31,0,1,0.72,1,0,0,1,1,1,0,1,1,1,1,1,1,0.4
416,0,57.68,1,1,1.39,1,0,0,1,1,1,0,1,1,1,1,0,0,0.4
416,1,62.05,1,1,1.45,1,0,0,1,1,0,0,0,1,1,1,0,1,0.4
416,1,64.74,0,1,1.01,1,0,0,1,1,1,0,1,0,1,1,0,1,0.4
416,1,50.88,0,1,0.56,1,0,0,1,1,1,0,0,0,1,1,0,1,0.4
416,0,48.8,0,0,0.37,0,0,0,1,1,1,0,1,1,1,1,0,0,0.4
416,0,60.32,1,1,0.94,0,0,0,1,1,1,0,0,0,1,1,0,0,0.4
416,0,42.29,1,1,0.64,1,0,0,1,1,1,0,0,1,0,1,0,1,0.4
416,1,65.3,1,0,0.42,1,0,0,1,1,1,0,0,1,1,0,0,1,0.4
416,1,54.97,1,0,0.63,1,0,0,1,1,1,0,1,1,0,1,0,1,0.4
419,0,68.05,1,1,0.13,0,0,0,1,1,1,0,1,0,1,0,0,1,0.2
419,0,63.81,1,1,0.1,1,0,0,1,1,1,0,1,1,0,1,0,1,0.2
419,1,46.33,1,0,0.46,1,0,0,1,1,1,0,1,0,1,1,0,1,0.2
419,1,47.76,0,0,-0.85,1,0,0,1,1,1,0,0,0,0,1,0,0,0.2
419,1,47.27,0,1,-0.85,1,0,0,1,1,1,0,1,1,0,0,0,1,0.2
419,1,43.27,0,0,-0.13,1,0,0,1,1,1,0,1,1,0,0,0,1,0.2
419,1,41.98,0,1,-0.1,1,0,0,1,1,1,1,0,0,0,0,0,0,0.2
419,1,42.26,0,1,0.8,1,0,0,1,1,1,0,1,1,1,1,0,1,0.2
419,1,64.18,0,0,-0.06,0,0,0,1,1,1,0,1,0,0,1,0,1,0.2
419,1,46.62,0,1,0.27,1,0,0,1,1,1,0,1,1,0,1,0,0,0.2
419,1,55.38,1,0,0.78,0,0,0,1,1,1,0,1,1,1,1,0,1,0.2
419,1,60.4,1,1,0.24,0,0,0,1,1,1,0,1,1,1,1,0,1,0.2
419,1,49.66,0,1,-0.52,0,1,0,0,1,1,0,1,0,0,0,0,0,0.2
442,0,57.46,0,1,0.34,1,0,0,1,1,1,0,1,1,1,1,0,1,0.26666666666666666
442,0,36.95,0,0,0.41,0,0,0,1,1,1,1,0,1,1,0,0,0,0.26666666666666666
442,1,50.34,0,1,-0.25,0,0,1,0,1,1,0,1,1,0,1,0,1,0.26666666666666666
442,1,54.36,0,1,-0.37,1,0,0,1,1,1,0,1,1,0,0,0,0,0.26666666666666666
442,0,49.93,1,1,0.72,0,0,0,1,1,1,0,0,1,1,1,0,0,0.26666666666666666
442,1,64.32,1,1,1,0,0,0,1,1,1,0,1,1,1,1,0,1,0.26666666666666666
442,1,53.11,0,1,0.04,1,0,0,1,1,1,0,1,1,0,1,0,0,0.26666666666666666
442,1,42.91,0,1,0.35,1,0,0,1,1,1,0,1,0,0,1,0,1,0.26666666666666666
442,1,45.18,1,1,-0.79,1,0,0,1,1,1,0,0,1,0,0,1,1,0.26666666666666666
442,1,56.97,1,1,0.54,1,0,0,1,1,1,0,1,0,1,1,0,1,0.26666666666666666
442,0,54.05,1,1,-0.14,1,0,0,1,1,1,1,1,1,0,1,0,1,0.26666666666666666
442,1,73.08,0,0,0.15,0,0,0,1,1,1,0,0,1,1,0,0,1,0.26666666666666666
442,1,30.94,0,1,-0.28,1,0,0,1,1,1,1,0,1,0,1,0,1,0.26666666666666666
442,0,38.64,0,0,-0.59,1,0,0,1,1,1,1,0,1,0,0,0,1,0.26666666666666666
443,0,65.26,0,0,1.22,0,0,1,0,1,1,0,1,1,1,1,0,1,0.4
443,1,59.25,1,1,0.89,1,1,0,0,1,1,0,1,0,1,1,0,1,0.4
443,0,52.79,1,1,-0.52,1,0,0,1,1,1,0,0,1,0,0,0,0,0.4
443,0,57.97,0,1,0.6,0,0,0,1,1,1,0,1,1,0,1,0,1,0.4
443,1,61.2,1,1,1.45,1,0,0,1,1,0,0,1,1,1,1,0,1,0.4
443,0,52.25,0,0,0.4,0,0,0,1,1,1,1,1,1,0,1,1,1,0.4
443,1,48.47,1,0,0.48,0,0,0,1,1,1,1,0,1,1,1,0,1,0.4
443,1,66.85,0,1,0.92,0,0,0,1,1,1,0,1,1,1,1,0,1,0.4
443,1,52,0,1,0.52,0,0,0,1,0,0,0,1,1,0,1,0,1,0.4
443,0,43.24,0,0,-0.26,0,0,0,1,1,0,0,0,1,0,0,0,1,0.4
443,1,69.84,1,1,-0.34,1,0,0,1,1,1,0,0,0,0,1,0,0,0.4
443,1,56.68,0,1,0.87,1,0,0,1,1,1,0,1,1,1,1,1,1,0.4
443,1,62.23,1,1,0.52,0,0,0,1,1,1,0,0,0,1,1,1,1,0.4
443,1,67.81,1,1,1.63,0,0,0,1,1,1,0,1,1,1,1,0,1,0.4
443,1,66.9,1,1,1.13,1,0,0,1,1,1,0,1,1,1,1,0,1,0.4
443,0,29.21,0,1,0.49,1,0,0,1,1,1,1,1,1,1,1,0,1,0.4
455,1,64.59,1,0,0.11,0,0,0,1,1,1,0,1,1,0,1,0,0,0.4
455,1,46.87,0,1,-0.63,1,0,0,1,1,1,0,1,0,0,1,0,0,0.4
455,1,56.68,1,0,0.06,0,0,0,1,1,1,0,1,1,0,1,0,0,0.4
455,0,48.47,0,1,0.5,0,0,0,1,1,1,0,1,1,0,1,0,0,0.4
455,0,42.59,0,0,-0.2,0,0,0,1,1,1,0,1,1,0,1,0,0,0.4
455,1,60.02,1,1,-0.4,0,0,0,1,1,1,0,1,1,0,0,0,1,0.4
455,1,55.66,0,1,0.98,1,0,0,1,1,1,0,0,1,1,0,0,1,0.4
455,1,48.99,1,1,0.26,1,0,0,1,1,1,0,0,1,0,0,0,1,0.4
455,1,44.2,1,1,0.73,1,0,0,1,1,1,0,0,1,1,0,0,1,0.4
455,0,63.27,1,1,-0.79,0,0,0,1,1,1,1,1,1,0,0,0,0,0.4
455,0,49.65,0,1,0.86,1,0,0,1,1,1,0,1,1,1,1,0,1,0.4
455,0,61.5,1,0,-0.21,1,0,0,1,1,1,0,1,1,0,1,0,0,0.4
455,1,39.94,1,0,0.12,0,0,0,1,1,1,1,1,0,0,0,0,1,0.4
455,1,50.94,1,1,0.48,0,0,0,1,1,1,1,1,1,1,1,0,1,0.4
455,1,61.54,1,0,0.44,1,0,0,1,1,1,0,1,1,1,1,0,0,0.4
455,1,64.5,1,1,0.14,1,0,0,1,1,1,0,1,1,0,1,0,1,0.4
456,0,55.56,1,1,0.96,0,0,0,1,1,1,0,1,0,1,0,0,0,0.4
456,1,37.7,1,0,1.13,1,0,0,1,1,1,1,1,1,1,1,1,1,0.4
456,1,43.68,1,0,0.13,1,0,0,1,1,1,0,0,1,0,0,0,1,0.4
456,0,53.14,0,0,-0.77,0,0,0,1,1,1,0,0,1,0,0,0,0,0.4
456,1,42.24,1,1,-0.76,1,0,0,1,1,1,0,1,0,0,0,0,1,0.4
456,1,43.78,0,1,-0.74,1,0,0,1,1,1,0,1,0,0,1,0,0,0.4
456,1,48.8,0,0,-0.85,0,0,0,1,1,1,0,0,1,0,0,1,0,0.4
456,0,61.75,1,1,0.67,0,0,1,0,0,0,0,1,1,1,0,0,0,0.4
456,0,53,0,0,-0.52,0,0,1,0,1,1,0,0,1,0,0,0,1,0.4
456,0,55.85,0,1,-0.46,0,0,0,1,1,1,0,1,1,0,0,0,0,0.4
456,1,36.59,0,0,-0.66,1,0,0,1,1,1,0,1,1,0,0,0,1,0.4
456,0,63.98,0,1,-0.01,0,0,1,0,1,1,0,0,0,0,0,0,1,0.4
456,1,58.42,1,1,-0.23,1,1,0,0,1,1,0,1,0,0,0,0,1,0.4
456,1,49.34,1,1,0.61,1,0,0,1,1,1,0,1,1,1,0,0,1,0.4
456,0,48.15,0,0,-0.13,0,0,0,1,1,1,0,0,1,1,0,1,0,0.4
456,1,43.44,1,1,-0.01,1,0,0,1,1,1,0,0,1,0,0,0,0,0.4
457,0,45.29,0,0,-0.72,1,1,0,0,0,0,0,1,1,1,0,0,1,0.2
457,1,50.25,1,1,-0.91,0,0,0,0,1,1,0,0,0,0,0,1,0,0.2
457,1,53.88,1,1,0.32,0,0,0,1,1,1,0,1,1,1,1,0,0,0.2
457,1,62.64,1,1,0.38,0,0,0,1,1,1,0,0,1,0,0,0,0,0.2
457,1,41.88,1,1,-1.07,1,0,0,1,1,1,0,1,1,0,0,0,0,0.2
457,0,48.29,1,0,0.1,0,0,0,1,1,1,0,1,1,0,1,0,1,0.2
457,0,42.79,0,1,-0.81,0,0,0,0,1,1,0,0,1,0,0,0,0,0.2
457,0,54.91,1,0,0.28,0,0,0,1,1,1,0,0,1,1,0,0,1,0.2
457,1,41.2,1,1,0.55,1,0,0,1,1,1,0,0,1,0,1,0,0,0.2
457,1,59.67,1,1,0.33,0,0,0,1,1,1,0,1,1,0,0,0,1,0.2
457,0,47.25,0,1,-0.91,0,0,0,0,1,1,0,1,0,0,0,0,0,0.2
457,1,36.64,1,1,-0.74,1,0,0,0,1,1,0,0,0,1,0,1,0,0.2
457,1,51.73,1,1,0.56,1,0,0,1,1,1,0,1,0,1,0,0,1,0.2
458,1,51.57,1,1,0.81,1,0,0,1,1,1,1,0,1,1,0,0,0,0.26666666666666666
458,1,60.98,1,1,-0.04,0,0,0,1,1,1,0,1,0,0,0,0,1,0.26666666666666666
458,0,48.2,0,1,0.19,0,0,0,1,1,1,0,1,1,0,0,0,1,0.26666666666666666
458,0,50.7,1,1,-0.82,1,0,0,1,1,0,0,1,1,0,0,0,0,0.26666666666666666
458,0,48.39,0,0,-0.94,0,1,0,0,0,0,0,1,1,0,0,0,0,0.26666666666666666
458,0,26.72,0,0,-1.59,0,0,1,0,0,0,0,1,0,0,0,1,0,0.26666666666666666
458,1,50.85,1,1,0.08,1,0,0,1,1,1,0,1,1,0,1,0,0,0.26666666666666666
458,0,57.76,1,1,-0.33,1,0,0,1,1,1,0,1,0,0,1,0,0,0.26666666666666666
458,1,34.44,0,0,-0.87,0,0,0,1,1,1,0,0,1,0,0,0,0,0.26666666666666666
458,0,45.71,0,1,-0.87,0,1,0,0,0,0,0,1,1,0,0,1,0,0.26666666666666666
458,0,41.62,1,1,-0.73,1,0,0,1,1,1,0,0,0,0,0,0,1,0.26666666666666666
458,1,51.56,1,1,-0.92,0,0,1,0,0,0,0,0,0,0,0,0,0,0.26666666666666666
458,1,51.37,1,1,-0.18,1,0,0,1,1,1,0,1,1,0,1,0,1,0.26666666666666666
458,1,50.65,0,1,-0.51,1,0,0,1,1,1,0,1,1,0,0,0,0,0.26666666666666666
459,0,47.8,0,0,-0.45,0,0,0,0,1,1,0,1,1,0,0,1,0,0.06666666666666667
459,0,49.74,1,1,0.7,1,0,0,1,1,0,0,1,1,1,1,0,1,0.06666666666666667
459,1,46.71,1,0,-0.62,0,0,0,0,1,1,0,0,0,1,0,0,0,0.06666666666666667
459,0,62.97,0,0,0.5,0,0,0,1,1,0,1,0,0,1,0,0,0,0.06666666666666667
459,1,50.81,1,0,-0.11,0,0,0,1,1,1,0,1,1,0,1,0,0,0.06666666666666667
459,0,63.03,0,0,0.2,0,0,0,1,1,1,0,1,1,0,1,0,0,0.06666666666666667
459,1,73.65,1,1,0.77,0,0,0,1,1,1,0,1,1,1,1,0,1,0.06666666666666667
459,0,59.12,0,0,0.28,1,0,0,1,1,1,0,1,1,0,1,0,1,0.06666666666666667
459,1,40.55,0,0,0.17,1,0,0,1,1,1,0,0,0,0,0,0,0,0.06666666666666667
459,0,55.18,0,0,-0.67,0,0,0,1,1,1,0,0,0,0,0,0,0,0.06666666666666667
459,1,45.01,1,1,-1.26,1,1,0,0,1,1,0,1,1,0,0,0,1,0.06666666666666667
489,0,52.72,0,0,0.21,0,0,0,1,1,1,0,1,1,0,1,0,1,0.3333333333333333
489,1,54.29,1,1,0.46,1,0,0,1,1,1,0,1,0,1,1,1,0,0.3333333333333333
489,0,47.01,0,1,-0.61,1,1,0,0,1,1,0,0,0,0,0,1,1,0.3333333333333333
489,1,46.11,1,0,-1.12,0,0,0,1,1,1,0,1,1,0,0,0,1,0.3333333333333333
489,0,48.47,0,0,-0.66,0,1,0,0,1,1,0,0,0,0,0,0,1,0.3333333333333333
489,0,42.44,0,0,-0.85,1,1,0,0,1,1,0,0,0,0,1,1,0,0.3333333333333333
489,1,36.19,0,0,-0.01,1,0,0,0,1,1,0,0,0,0,0,1,0,0.3333333333333333
489,1,27.93,0,0,-1.52,0,1,0,0,1,1,0,1,0,0,0,1,0,0.3333333333333333
489,1,49.38,1,1,0.67,0,0,0,1,1,1,0,1,1,1,1,0,0,0.3333333333333333
489,1,57.21,1,0,0.46,0,0,0,1,1,1,0,1,0,1,1,0,1,0.3333333333333333
489,1,47.68,0,1,0.28,0,1,0,0,1,1,0,0,0,0,0,1,0,0.3333333333333333
489,0,33.01,0,1,-0.71,0,0,0,1,1,1,1,0,0,0,0,0,1,0.3333333333333333
489,0,58.97,0,0,0.32,0,0,0,1,1,1,0,1,0,1,1,0,0,0.3333333333333333
489,1,50.75,0,0,-0.3,1,1,0,0,1,1,0,1,1,0,0,1,0,0.3333333333333333
489,0,42.31,1,1,-0.65,0,1,0,0,1,1,0,0,1,0,0,1,1,0.3333333333333333
491,1,63.04,1,1,0.89,0,0,1,0,0,0,0,1,1,1,1,0,0,0.06666666666666667
491,1,62.81,0,1,0.89,0,0,1,0,0,0,0,1,1,1,1,0,0,0.06666666666666667
491,1,54.66,0,0,0.18,0,0,0,1,1,1,0,0,1,1,0,1,1,0.06666666666666667
491,1,52.69,1,1,1.09,1,0,0,1,1,1,0,0,0,1,1,0,0,0.06666666666666667
491,1,55.15,0,0,0.98,1,1,0,0,1,1,0,0,0,1,1,0,0,0.06666666666666667
491,0,54.25,1,1,0.64,1,0,0,1,1,1,0,1,1,1,0,0,1,0.06666666666666667
491,1,71.51,1,1,1.15,0,0,0,0,1,1,0,1,1,1,1,0,1,0.06666666666666667
491,0,47.99,1,1,0.73,0,0,1,0,0,0,0,1,1,1,0,0,0,0.06666666666666667
491,1,73.08,0,0,0.94,1,0,1,0,0,0,0,1,1,1,1,0,1,0.06666666666666667
491,1,51.65,1,0,0.21,1,0,1,0,0,0,0,1,1,1,0,0,0,0.06666666666666667
491,0,64.38,1,0,0.8,1,0,0,1,1,0,0,0,1,1,1,0,0,0.06666666666666667
493,1,67.45,1,1,0.98,0,0,0,1,1,1,0,1,1,1,1,0,1,0.13333333333333333
493,1,45.63,0,0,-0.93,0,1,0,0,1,1,0,1,0,0,0,1,0,0.13333333333333333
493,0,46.83,0,0,-1.25,0,1,0,0,1,1,0,0,1,0,0,1,1,0.13333333333333333
493,1,42.84,0,0,0.33,1,0,0,1,1,1,0,1,0,0,0,1,0,0.13333333333333333
493,1,37.34,0,1,-1.08,1,1,0,0,1,1,0,1,0,0,0,0,1,0.13333333333333333
493,1,42.02,0,0,0.05,1,0,0,1,1,1,0,1,1,1,0,0,1,0.13333333333333333
493,0,42.57,0,1,-1.13,1,1,0,0,0,0,0,1,1,0,0,1,0,0.13333333333333333
493,1,47.3,0,0,0.06,1,0,0,1,1,1,0,0,1,1,0,1,0,0.13333333333333333
493,1,50.82,0,1,-1.19,1,1,0,0,0,1,0,1,0,0,0,0,0,0.13333333333333333
493,1,45.28,1,1,-0.72,0,0,0,1,1,1,0,1,1,0,0,1,0,0.13333333333333333
493,1,63.26,0,1,-1.19,0,1,0,0,0,1,0,0,0,0,0,0,0,0.13333333333333333
493,1,46.03,0,1,-0.76,1,0,0,0,1,1,0,0,1,0,0,1,0,0.13333333333333333
494,0,48.1,0,0,-0.22,0,1,0,0,1,1,0,1,1,0,0,0,0,0.13333333333333333
494,1,33.71,0,0,0.57,1,0,0,1,1,1,0,0,1,1,0,0,0,0.13333333333333333
494,0,55.26,0,0,-0.07,1,0,0,1,1,1,0,0,1,1,0,0,0,0.13333333333333333
494,0,44.4,0,1,-0.27,0,1,0,0,0,0,0,1,1,0,1,1,0,0.13333333333333333
494,1,40.79,1,1,-0.76,0,1,0,0,0,1,0,0,0,0,0,1,0,0.13333333333333333
494,1,52.52,0,0,0.39,0,0,0,1,1,1,0,0,0,1,0,0,0,0.13333333333333333
494,0,54.5,0,0,-0.63,0,0,0,1,1,1,0,1,0,0,0,0,0,0.13333333333333333
494,0,49.75,0,1,0.37,1,0,0,1,1,1,0,1,1,0,1,0,0,0.13333333333333333
494,1,50.84,0,1,0.54,0,0,0,1,1,1,0,0,0,1,1,0,0,0.13333333333333333
494,1,67.6,1,0,-0.34,0,0,0,1,1,1,0,1,1,0,0,0,1,0.13333333333333333
494,1,70.34,0,1,0.98,0,0,0,1,1,1,0,1,1,1,1,0,0,0.13333333333333333
494,0,63.85,1,1,0.17,0,0,0,1,1,1,0,1,0,0,1,0,0,0.13333333333333333
